Artikel;Kategorie
Milch;Molkereiprodukte
Joghurt;Molkereiprodukte
Quark;Molkereiprodukte
Käse;Molkereiprodukte
Sahne;Molkereiprodukte
Butter;Molkereiprodukte
Eier;Molkereiprodukte
Frischkäse;Molkereiprodukte
Mozzarella;Molkereiprodukte
Feta;Molkereiprodukte
Gouda;Molkereiprodukte
Cheddar;Molkereiprodukte
Parmesan;Molkereiprodukte
Ricotta;Molkereiprodukte
Mascarpone;Molkereiprodukte
Schmand;Molkereiprodukte
Buttermilch;Molkereiprodukte
Kefir;Molkereiprodukte
Pudding;Molkereiprodukte
Topfen;Molkereiprodukte
Kondensmilch;Molkereiprodukte
Sauerrahm;Molkereiprodukte
Schnittkäse;Molkereiprodukte
Streichkäse;Molkereiprodukte
Rahm;Molkereiprodukte
Margarine;Molkereiprodukte
Apfel;Obst&Gemüse
Banane;Obst&Gemüse
Orange;Obst&Gemüse
Zitrone;Obst&Gemüse
Birne;Obst&Gemüse
Weintrauben;Obst&Gemüse
Erdbeere;Obst&Gemüse
Himbeere;Obst&Gemüse
Blaubeere;Obst&Gemüse
Kirsche;Obst&Gemüse
Pflaume;Obst&Gemüse
Pfirsich;Obst&Gemüse
Aprikose;Obst&Gemüse
Mango;Obst&Gemüse
Ananas;Obst&Gemüse
Kiwi;Obst&Gemüse
Melone;Obst&Gemüse
Avocado;Obst&Gemüse
Feige;Obst&Gemüse
Dattel;Obst&Gemüse
Tomate;Obst&Gemüse
Gurke;Obst&Gemüse
Salat;Obst&Gemüse
Karotte;Obst&Gemüse
Zwiebel;Obst&Gemüse
Kartoffel;Obst&Gemüse
Brokkoli;Obst&Gemüse
Spinat;Obst&Gemüse
Paprika;Obst&Gemüse
Pilze;Obst&Gemüse
Knoblauch;Obst&Gemüse
Zucchini;Obst&Gemüse
Aubergine;Obst&Gemüse
Lauch;Obst&Gemüse
Spargel;Obst&Gemüse
Rosenkohl;Obst&Gemüse
Wirsing;Obst&Gemüse
Blumenkohl;Obst&Gemüse
Grünkohl;Obst&Gemüse
Rotkohl;Obst&Gemüse
Weißkohl;Obst&Gemüse
Kohlrabi;Obst&Gemüse
Rettich;Obst&Gemüse
Radieschen;Obst&Gemüse
Sellerie;Obst&Gemüse
Ingwer;Obst&Gemüse
Süßkartoffel;Obst&Gemüse
Mais;Obst&Gemüse
Erbsen;Obst&Gemüse
Bohnen;Obst&Gemüse
Kürbis;Obst&Gemüse
Champignons;Obst&Gemüse
Zuckerschoten;Obst&Gemüse
Frühlingszwiebel;Obst&Gemüse
Endivie;Obst&Gemüse
Feldsalat;Obst&Gemüse
Rhabarber;Obst&Gemüse
Artischocke;Obst&Gemüse
Kresse;Obst&Gemüse
Petersilie;Obst&Gemüse
Schnittlauch;Obst&Gemüse
Dill;Obst&Gemüse
Minze;Obst&Gemüse
Basilikum;Obst&Gemüse
Thymian;Obst&Gemüse
Rosmarin;Obst&Gemüse
Oregano;Obst&Gemüse
Brot;Backwaren
Brötchen;Backwaren
Toast;Backwaren
Croissant;Backwaren
Kuchen;Backwaren
Gebäck;Backwaren
Baguette;Backwaren
Toastbrot;Backwaren
Vollkornbrot;Backwaren
Roggenbrot;Backwaren
Knäckebrot;Backwaren
Zwieback;Backwaren
Muffin;Backwaren
Donut;Backwaren
Waffeln;Backwaren
Pancakes;Backwaren
Plätzchen;Backwaren
Hefeteig;Backwaren
Pizzateig;Backwaren
Blätterteig;Backwaren
Fladenbrot;Backwaren
Ciabatta;Backwaren
Brezel;Backwaren
Laugenstange;Backwaren
Roggenbrötchen;Backwaren
Semmel;Backwaren
Focaccia;Backwaren
Zimtschnecke;Backwaren
Müsli;Frühstück
Haferflocken;Frühstück
Cornflakes;Frühstück
Honig;Frühstück
Marmelade;Frühstück
Nutella;Frühstück
Ahornsirup;Frühstück
Agavendicksaft;Frühstück
Zerealien;Frühstück
Granola;Frühstück
Porridge;Frühstück
Schokocreme;Frühstück
Fruchtaufstrich;Frühstück
Erdnussbutter;Frühstück
Aufstrich;Frühstück
Kaffee;Getränke
Tee;Getränke
Wasser;Getränke
Saft;Getränke
Cola;Getränke
Limonade;Getränke
Bier;Getränke
Wein;Getränke
Sekt;Getränke
Prosecco;Getränke
Softdrink;Getränke
Mineralwasser;Getränke
Apfelschorle;Getränke
Eistee;Getränke
Kakaogetränk;Getränke
Smoothie;Getränke
Energydrink;Getränke
Apfelsaft;Getränke
Orangensaft;Getränke
Traubensaft;Getränke
Gemüsesaft;Getränke
Multivitamin;Getränke
Sprudelwasser;Getränke
Stilleswasser;Getränke
Fleisch;Fleisch&Wurst
Wurst;Fleisch&Wurst
Schinken;Fleisch&Wurst
Hähnchen;Fleisch&Wurst
Rindfleisch;Fleisch&Wurst
Hackfleisch;Fleisch&Wurst
Salami;Fleisch&Wurst
Würstchen;Fleisch&Wurst
Geflügel;Fleisch&Wurst
Pute;Fleisch&Wurst
Kalb;Fleisch&Wurst
Lamm;Fleisch&Wurst
Wild;Fleisch&Wurst
Speck;Fleisch&Wurst
Bacon;Fleisch&Wurst
Kochschinken;Fleisch&Wurst
Teewurst;Fleisch&Wurst
Leberwurst;Fleisch&Wurst
Bratwurst;Fleisch&Wurst
Wiener;Fleisch&Wurst
Fisch;Fisch&Meeresfrüchte
Lachs;Fisch&Meeresfrüchte
Thunfisch;Fisch&Meeresfrüchte
Garnelen;Fisch&Meeresfrüchte
Sardinen;Fisch&Meeresfrüchte
Hering;Fisch&Meeresfrüchte
Makrele;Fisch&Meeresfrüchte
Matjes;Fisch&Meeresfrüchte
Meeresfrüchte;Fisch&Meeresfrüchte
Krabben;Fisch&Meeresfrüchte
Muscheln;Fisch&Meeresfrüchte
Calamares;Fisch&Meeresfrüchte
Forelle;Fisch&Meeresfrüchte
Nudeln;Grundnahrungsmittel
Reis;Grundnahrungsmittel
Mehl;Grundnahrungsmittel
Zucker;Grundnahrungsmittel
Salz;Grundnahrungsmittel
Pfeffer;Grundnahrungsmittel
Öl;Grundnahrungsmittel
Essig;Grundnahrungsmittel
Gewürze;Grundnahrungsmittel
Linsen;Grundnahrungsmittel
Dosentomaten;Grundnahrungsmittel
Passata;Grundnahrungsmittel
Hirse;Grundnahrungsmittel
Bulgur;Grundnahrungsmittel
Couscous;Grundnahrungsmittel
Polenta;Grundnahrungsmittel
Grieß;Grundnahrungsmittel
Quinoa;Grundnahrungsmittel
Roggen;Grundnahrungsmittel
Dinkel;Grundnahrungsmittel
Kichererbsen;Grundnahrungsmittel
Kidneybohnen;Grundnahrungsmittel
WeißeBohnen;Grundnahrungsmittel
Kokosmilch;Grundnahrungsmittel
Brühe;Grundnahrungsmittel
Suppe;Grundnahrungsmittel
Spaghetti;Grundnahrungsmittel
Makkaroni;Grundnahrungsmittel
Fusilli;Grundnahrungsmittel
Penne;Grundnahrungsmittel
Bandnudeln;Grundnahrungsmittel
Lasagne;Grundnahrungsmittel
Kartoffeln;Grundnahrungsmittel
Ketchup;Saucen&Dips
Mayo;Saucen&Dips
Senf;Saucen&Dips
Pesto;Saucen&Dips
Hummus;Saucen&Dips
Sojasauce;Saucen&Dips
Tabasco;Saucen&Dips
Chilisauce;Saucen&Dips
Barbecuesauce;Saucen&Dips
Remoulade;Saucen&Dips
Currypaste;Saucen&Dips
Worcestershire;Saucen&Dips
Dressing;Saucen&Dips
Schokolade;Süßigkeiten&Snacks
Chips;Süßigkeiten&Snacks
Kekse;Süßigkeiten&Snacks
Gummibärchen;Süßigkeiten&Snacks
Bonbons;Süßigkeiten&Snacks
Eis;Süßigkeiten&Snacks
Nüsse;Süßigkeiten&Snacks
Studentenfutter;Süßigkeiten&Snacks
Popcorn;Süßigkeiten&Snacks
Müsliriegel;Süßigkeiten&Snacks
Schokoriegel;Süßigkeiten&Snacks
Salzstangen;Süßigkeiten&Snacks
Erdnüsse;Süßigkeiten&Snacks
Brezeln;Süßigkeiten&Snacks
Waschmittel;Haushalt
Spülmittel;Haushalt
Reiniger;Haushalt
Seife;Haushalt
Toilettenpapier;Haushalt
Küchenrolle;Haushalt
Müllbeutel;Haushalt
Schwamm;Haushalt
Lappen;Haushalt
Alufolie;Haushalt
Frischhaltefolie;Haushalt
Servietten;Haushalt
Batterien;Haushalt
Glühbirne;Haushalt
Kerzen;Haushalt
Reinigungstuch;Haushalt
Müllsack;Haushalt
Putzhandschuh;Haushalt
Glasreiniger;Haushalt
Teppichreiniger;Haushalt
Lufterfrischer;Haushalt
Duftkerze;Haushalt
Feuerzeug;Haushalt
Streichholz;Haushalt
Folie;Haushalt
Backpapier;Haushalt
Muffinform;Haushalt
Gefrierbeutel;Haushalt
Einweghandschuh;Haushalt
Entkalker;Haushalt
Fensterreiniger;Haushalt
Badreiniger;Haushalt
WC-Reiniger;Haushalt
Allzweckreiniger;Haushalt
Bodenreiniger;Haushalt
Geschirrspültab;Haushalt
Klarspüler;Haushalt
Salztablette;Haushalt
Weichspüler;Haushalt
Farbwaschmittel;Haushalt
Bleichmittel;Haushalt
Fleckenmittel;Haushalt
Bügelspray;Haushalt
Textilerfrischer;Haushalt
Backofenreiniger;Haushalt
Edelstahlreiniger;Haushalt
Silberputzmittel;Haushalt
Lederpflege;Haushalt
Holzpflege;Haushalt
Zahnpasta;Hygiene&Pflege
Zahnbürste;Hygiene&Pflege
Duschgel;Hygiene&Pflege
Shampoo;Hygiene&Pflege
Conditioner;Hygiene&Pflege
Creme;Hygiene&Pflege
Deo;Hygiene&Pflege
Rasierer;Hygiene&Pflege
Rasierschaum;Hygiene&Pflege
Tampon;Hygiene&Pflege
Binde;Hygiene&Pflege
Papiertuch;Hygiene&Pflege
Desinfektionsmittel;Hygiene&Pflege
Handseife;Hygiene&Pflege
Feuchttuch;Hygiene&Pflege
Wattekugel;Hygiene&Pflege
Wattestäbchen;Hygiene&Pflege
Pflaster;Hygiene&Pflege
Nagellack;Hygiene&Pflege
Haargel;Hygiene&Pflege
Haarspray;Hygiene&Pflege
Parfüm;Hygiene&Pflege
Aftershave;Hygiene&Pflege
Gesichtsmaske;Hygiene&Pflege
Handcreme;Hygiene&Pflege
Bodylotion;Hygiene&Pflege
Badesalz;Hygiene&Pflege
Badeöl;Hygiene&Pflege
Ohrenstäbchen;Hygiene&Pflege
Pinzette;Hygiene&Pflege
Nagelschere;Hygiene&Pflege
Haargummi;Hygiene&Pflege
Haarbürste;Hygiene&Pflege
Kamm;Hygiene&Pflege
Haartrockner;Hygiene&Pflege
Glätteisen;Hygiene&Pflege
Lockenstab;Hygiene&Pflege
Mundspülung;Hygiene&Pflege
Schmerztablette;Medikamente
Vitamine;Medikamente
Fiebersaft;Medikamente
Hustensaft;Medikamente
Verband;Medikamente
Nasenspray;Medikamente
Halstablette;Medikamente
Wundcreme;Medikamente
Allergietablette;Medikamente
Hundeleckerli;Tierbedarf
Katzenfutter;Tierbedarf
Vogelfutter;Tierbedarf
Hasenfutter;Tierbedarf
Fischfutter;Tierbedarf
Leine;Tierbedarf
TierSpielzeug;Tierbedarf
Napf;Tierbedarf
Katzenstreu;Tierbedarf
Vogelsand;Tierbedarf
Futterautomat;Tierbedarf
Katzenspielzeug;Tierbedarf
Hundebett;Tierbedarf
Blume;Blumen&Pflanzen
Erde;Blumen&Pflanzen
Dünger;Blumen&Pflanzen
Töpfchen;Blumen&Pflanzen
Pflanze;Blumen&Pflanzen
Samen;Blumen&Pflanzen
Kaminholz;Baumarkt&Garten
Nagel;Baumarkt&Garten
Schraube;Baumarkt&Garten
Hammer;Baumarkt&Garten
Zange;Baumarkt&Garten
Klebeband;Baumarkt&Garten
Farbe;Baumarkt&Garten
Pinsel;Baumarkt&Garten
Schere;Büro&Schule
Stift;Büro&Schule
Papier;Büro&Schule
Notizbuch;Büro&Schule
Radiergummi;Büro&Schule
Bleistift;Büro&Schule
Textmarker;Büro&Schule
Hefter;Büro&Schule
Ordner;Büro&Schule
Kleber;Büro&Schule
Umschlag;Büro&Schule
Briefmarke;Büro&Schule
Marker;Büro&Schule
Fineliner;Büro&Schule
Schreibblock;Büro&Schule
Kalender;Büro&Schule
Planer;Büro&Schule
Postit;Büro&Schule
Büroklammer;Büro&Schule
Tacker;Büro&Schule
Locher;Büro&Schule
Hülle;Büro&Schule
Batterie;Elektronik
Kopfhörer;Elektronik
Ladekabel;Elektronik
USB-Stick;Elektronik
Powerbank;Elektronik
Handy;Elektronik
Tablet;Elektronik
Laptop;Elektronik
Monitor;Elektronik
Tastatur;Elektronik
Maus;Elektronik
Drucker;Elektronik
Kamera;Elektronik
Speicherkarte;Elektronik
DVD;Medien
CD;Medien
Buch;Medien
Zeitschrift;Medien
Zeitung;Medien
Spiel;Medien
Film;Medien
Musik;Medien
Geschirr;Haushaltswaren
Besteck;Haushaltswaren
Tasse;Haushaltswaren
Glas;Haushaltswaren
Teller;Haushaltswaren
Topf;Haushaltswaren
Pfanne;Haushaltswaren
Schüssel;Haushaltswaren
Brett;Haushaltswaren
Sieb;Haushaltswaren
Dosenöffner;Haushaltswaren
Flaschenöffner;Haushaltswaren
Korkenzieher;Haushaltswaren
Schäler;Haushaltswaren
Reibe;Haushaltswaren
Mixer;Haushaltswaren
Toaster;Haushaltswaren
Kaffeemaschine;Haushaltswaren
Ofen;Haushaltswaren
Mikrowelle;Haushaltswaren
Kühlschrank;Haushaltswaren
Staubsauger;Haushaltswaren
Besen;Haushaltswaren
Schaufel;Haushaltswaren
Mülleimer;Haushaltswaren
Wäschekorb;Haushaltswaren
Bügelbrett;Haushaltswaren
Bügeleisen;Haushaltswaren
Kleiderbügel;Haushaltswaren
Waschmaschine;Haushaltswaren
Trockner;Haushaltswaren
Gartenschlauch;Garten
Gartenschere;Garten
Rasenmäher;Garten
Gießkanne;Garten
Schubkarre;Garten
Spaten;Garten
Harke;Garten
Gartenzaun;Garten
Sonnencreme;Drogerie
Lippenbalsam;Drogerie
Nagellackentferner;Drogerie
Babywindel;Babyartikel
Babynahrung;Babyartikel
Babyöl;Babyartikel
Schnuller;Babyartikel
Flasche;Babyartikel
Babybrei;Babyartikel
Kinderwagen;Babyartikel
Hochstuhl;Babyartikel
Spielzeug;Spielwaren
Puzzle;Spielwaren
Brettspiel;Spielwaren
Kuscheltier;Spielwaren
Bauklötze;Spielwaren
Malbuch;Spielwaren
Buntstift;Spielwaren
Spielfigur;Spielwaren
Fahrrad;Freizeit&Sport
Ball;Freizeit&Sport
Springseil;Freizeit&Sport
Yoga-Matte;Freizeit&Sport
Hantel;Freizeit&Sport
Sportschuh;Kleidung&Accessoires
T-Shirt;Kleidung&Accessoires
Hose;Kleidung&Accessoires
Pullover;Kleidung&Accessoires
Jacke;Kleidung&Accessoires
Socken;Kleidung&Accessoires
Unterwäsche;Kleidung&Accessoires
Schuh;Kleidung&Accessoires
Gürtel;Kleidung&Accessoires
Mütze;Kleidung&Accessoires
Schal;Kleidung&Accessoires
Handschuh;Kleidung&Accessoires
Handtasche;Kleidung&Accessoires
Geldbörse;Kleidung&Accessoires
Rucksack;Kleidung&Accessoires
Koffer;Reisebedarf
Reiseführer;Reisebedarf
Nackenkissen;Reisebedarf
Sonnenbrille;Accessoires
Schmuck;Accessoires
Uhr;Accessoires
Decke;Heimtextilien
Kissen;Heimtextilien
Bettwäsche;Heimtextilien
Handtuch;Heimtextilien
Badteppich;Heimtextilien
Vorhang;Heimtextilien
Teppich;Heimtextilien
Lampe;Möbel&Einrichtung
Stuhl;Möbel&Einrichtung
Tisch;Möbel&Einrichtung
Sofa;Möbel&Einrichtung
Regal;Möbel&Einrichtung
Schrank;Möbel&Einrichtung
Kommode;Möbel&Einrichtung
Bett;Möbel&Einrichtung
Matratze;Möbel&Einrichtung
Spiegel;Möbel&Einrichtung
Bilderrahmen;Möbel&Einrichtung
Vase;Dekoration
Blumentopf;Dekoration
Kerzenständer;Dekoration
Figur;Dekoration
Poster;Dekoration
Korb;Aufbewahrung
Box;Aufbewahrung
Schachtel;Aufbewahrung
Bücherregal;Möbel&Einrichtung
Kleiderstange;Möbel&Einrichtung
Garderobe;Möbel&Einrichtung
Wandspiegel;Möbel&Einrichtung
Sitzkissen;Heimtextilien
Picknickdecke;Freizeit&Sport
Grill;Garten
Kohle;Garten
Anzünder;Garten
Geschirrtuch;Haushalt
Putztuch;Haushalt
Staubsaugerbeutel;Haushalt
Eimer;Haushalt
Wischmopp;Haushalt
Feger;Haushalt
Kehrblech;Haushalt
Wäscheklammer;Haushalt
Wäscheleine;Haushalt
Fleckenentferner;Haushalt
Frischhaltedose;Küchenhelfer
Tüte;Küchenhelfer
Backform;Küchenhelfer
Messbecher;Küchenhelfer
Küchenwaage;Küchenhelfer
Schneebesen;Küchenhelfer
Kochlöffel;Küchenhelfer
Pfannenwender;Küchenhelfer
Korken;Küchenhelfer
Rezeptbuch;Kochen&Backen
Backpulver;Backzutaten
Hefe;Backzutaten
Vanillezucker;Backzutaten
Kakao;Backzutaten
Schokostreusel;Backzutaten
Kuvertüre;Backzutaten
Mandel;Backzutaten
Haselnuss;Backzutaten
Walnuss;Backzutaten
Rosine;Backzutaten
Marzipan;Backzutaten
Puderzucker;Backzutaten
Speisestärke;Backzutaten
Gelatine;Backzutaten
Sirup;Backzutaten
Essiggurke;Konserven
Olive;Konserven
Kaper;Konserven
Sardelle;Konserven
Chilischote;Konserven
Sonnenblumenkern;Süßigkeiten&Snacks
Kürbiskern;Süßigkeiten&Snacks
Pistazie;Süßigkeiten&Snacks
Cashewkern;Süßigkeiten&Snacks
Proteinriegel;Süßigkeiten&Snacks
Dörrobst;Süßigkeiten&Snacks
Energieriegel;Süßigkeiten&Snacks
Fruchtriegel;Süßigkeiten&Snacks
Reiswaffel;Süßigkeiten&Snacks
Salzgebäck;Süßigkeiten&Snacks
Cracker;Süßigkeiten&Snacks
Erdnuss;Süßigkeiten&Snacks
Kichererbse;Grundnahrungsmittel
Kidneybohne;Grundnahrungsmittel
Weißebohne;Grundnahrungsmittel
Kartoffelbrei;Grundnahrungsmittel
Reiskuchen;Grundnahrungsmittel
Sushireis;Grundnahrungsmittel
Balsamico;Grundnahrungsmittel
Apfelessig;Grundnahrungsmittel
Rapsöl;Grundnahrungsmittel
Sonnenblumenöl;Grundnahrungsmittel
Olivenöl;Grundnahrungsmittel
Kokosöl;Grundnahrungsmittel
Sojamilch;Molkereiprodukte
Hafermilch;Molkereiprodukte
Reismilch;Molkereiprodukte
Mandelmilch;Molkereiprodukte
Gnocchi;Grundnahrungsmittel
Getrocknetebohne;Grundnahrungsmittel
Maiswaffel;Grundnahrungsmittel
Gewürz;Gewürze&Kräuter
Currypulver;Gewürze&Kräuter
Majoran;Gewürze&Kräuter
Kümmel;Gewürze&Kräuter
Anis;Gewürze&Kräuter
Zimt;Gewürze&Kräuter
Vanille;Gewürze&Kräuter
Muskatnuss;Gewürze&Kräuter
Nelke;Gewürze&Kräuter
Lorbeerblatt;Gewürze&Kräuter
Chili;Gewürze&Kräuter
Kreuzkümmel;Gewürze&Kräuter
Koriander;Gewürze&Kräuter
Backaroma;Backzutaten
Lebensmittelfarbe;Backzutaten
Backmischung;Backzutaten
Waffel;Süßigkeiten&Snacks
Salzstange;Süßigkeiten&Snacks
