Article;Catégorie
Lait; Produits laitiers
Yaourt; Produits laitiers
Quark; Produits laitiers
Fromage; Produits laitiers
Crème; Produits laitiers
Beurre; Produits laitiers
Œufs; produits laitiers
Fromage à la crème; produits laitiers
Mozzarella; Produits laitiers
Feta; Produits laitiers
Gouda; produits laitiers
Cheddar; Produits laitiers
Parmesan; produits laitiers
Ricotta; Produits laitiers
Mascarpone; produits laitiers
Crème aigre; produits laitiers
Babeurre; Produits laitiers
Kéfir; produits laitiers
Pudding; Produits laitiers
caillé; produits laitiers
Lait concentré; produits laitiers
Crème aigre; produits laitiers
Fromage à pâte mi-dure; produits laitiers
Fromage à tartiner; produits laitiers
Crème; Produits laitiers
Margarine; Produits laitiers
Pomme; Fruits et légumes
Banane; Fruits et légumes
Orange; Fruits et légumes
Citron; Fruits et légumes
Poire; Fruits et légumes
Raisins; Fruits et légumes
Fraise; Fruits et légumes
Framboise; Fruits et légumes
Myrtille; Fruits et légumes
Cerise; Fruits et légumes
Prune; Fruits et légumes
Pêche; Fruits et légumes
Abricot; Fruits et légumes
Mangue; Fruits et légumes
Ananas; Fruits et légumes
Kiwi; Fruits et légumes
Melon; Fruits et légumes
Avocat; Fruits et légumes
Figue; Fruits et légumes
Date; Fruits et légumes
Tomate;Fruits et légumes
Concombre; Fruits et légumes
Salade; Fruits et légumes
Carotte; Fruits et légumes
Oignon; Fruits et légumes
Pomme de terre; Fruits et légumes
Brocoli; Fruits et légumes
Épinard; Fruits et légumes
Poivrons; Fruits et légumes
Champignons; Fruits et légumes
Ail; Fruits et légumes
Courgettes; Fruits et légumes
Aubergine; Fruits et légumes
Poireau; Fruits et légumes
Asperge; Fruits et légumes
Choux de Bruxelles; Fruits et légumes
chou de Savoie; Fruits et légumes
Chou-fleur; Fruits et légumes
Chou frisé; Fruits et légumes
chou rouge; Fruits et légumes
Chou blanc; Fruits et légumes
Chou-rave; Fruits et légumes
Radis; Fruits et légumes
Radis; Fruits et légumes
Céleri; Fruits et légumes
Gingembre; Fruits et légumes
Patate douce; Fruits et légumes
Maïs; Fruits et légumes
Petits pois; Fruits et légumes
Haricots; Fruits et légumes
Citrouille; Fruits et légumes
Champignons; Fruits et légumes
Pois mange-tout; Fruits et légumes
Oignon de printemps; Fruits et légumes
Endive; Fruits et légumes
mâche; Fruits et légumes
Rhubarbe; Fruits et légumes
Artichaut; Fruits et légumes
Cresson; Fruits et légumes
Persil; Fruits et légumes
ciboulette; Fruits et légumes
Aneth; Fruits et légumes
Menthe; Fruits et légumes
Basilic; Fruits et légumes
Thym; Fruits et légumes
Romarin; Fruits et légumes
Origan; Fruits et légumes
Pain; Produits de boulangerie
rouleaux; produits de boulangerie
Toast; Produits de boulangerie
Croissant; produits de boulangerie
Gâteaux; produits de boulangerie
Pâtisseries; produits de boulangerie
Baguette; produits de boulangerie
Pain grillé; produits de boulangerie
Pain complet; produits de boulangerie
Pain de seigle; produits de boulangerie
pain croustillant;produits de boulangerie
biscottes; produits de boulangerie
muffin;produits de boulangerie
Beignet; Produits de boulangerie
Gaufres; produits de boulangerie
Crêpes; produits de boulangerie
cookies; produits de boulangerie
Pâte à levure; produits de boulangerie
Pâte à pizza; produits de boulangerie
Pâte feuilletée; produits de boulangerie
Pain plat; Produits de boulangerie
Ciabatta; produits de boulangerie
Bretzel; produits de boulangerie
Bâtonnet de bretzel; produits de boulangerie
Petits pains de seigle; produits de boulangerie
rouler; produits de boulangerie
Focaccia; produits de boulangerie
rouleau à la cannelle; produits de boulangerie
céréale; petit-déjeuner
Gruau; petit-déjeuner
Corn flakes; petit-déjeuner
Chérie; Petit déjeuner
Confiture; petit-déjeuner
Nutella; petit-déjeuner
sirop d'érable; petit-déjeuner
Sirop d'agave; petit-déjeuner
céréales; petit-déjeuner
Granola; Petit-déjeuner
Bouillie; Petit-déjeuner
crème au chocolat; petit-déjeuner
Pâte à tartiner aux fruits; petit-déjeuner
Beurre de cacahuète; petit-déjeuner
propagé; petit-déjeuner
Café; Boissons
Thé; Boissons
Eau; Boissons
Jus; Boissons
Cola; Boissons
Limonade; Boissons
Bière; Boissons
Vin; Boissons
Vin pétillant; boissons
Prosecco; Boissons
Boisson gazeuse; Boissons
Eau minérale; boissons
Spritzer aux pommes; boissons
Thé glacé; boissons
boisson au cacao;boissons
Smoothie; Boissons
Boisson énergisante; Boissons
Jus de pomme; Boissons
Du jus d'orange; boissons
Jus de raisin; Boissons
Jus de légumes; Boissons
Boissons multivitaminées
Eau gazeuse; Boissons
Eau plate; Boissons
Viande; Viande et saucisse
Saucisse; Viande et Saucisse
Jambon; Viande et saucisse
Poulet; Viande et saucisse
Bœuf; Viande et saucisse
Viande hachée; viande et saucisse
Salami; Viande et saucisse
Saucisses; Viande et Saucisse
Volaille; Viande et saucisse
Dinde; Viande et saucisse
Veau; Viande et saucisse
Agneau; Viande et saucisse
Jeu; Viande et saucisse
Lard; Viande et saucisse
Lard; Viande et saucisse
Jambon blanc; viande et saucisse
Saucisse au thé; viande et saucisse
Saucisse de foie; viande et saucisse
Bratwurst; Viande et saucisse
Viennois; Viande et saucisse
Poisson;Poisson et fruits de mer
Saumon;Poisson et fruits de mer
Thon, poisson et fruits de mer
Crevettes, poissons et fruits de mer
Sardines; Poissons et fruits de mer
Hareng, poisson et fruits de mer
Maquereau; Poissons et fruits de mer
Matjes; Poissons et fruits de mer
Fruits de mer; Poisson et fruits de mer
Crabes; Poissons et fruits de mer
Crustacés, poissons et fruits de mer
Calamars;Poissons et fruits de mer
Truite;Poisson et fruits de mer
Nouilles; aliment de base
Riz; aliment de base
Farine; aliment de base
Sucre; aliment de base
Sel; aliment de base
Poivre; aliment de base
Huile; aliment de base
Vinaigre; aliment de base
épices; aliments de base
Lentilles; aliment de base
Tomates en conserve; aliment de base
Passata; aliment de base
millet; aliment de base
Boulgour; aliment de base
Couscous; aliment de base
Polenta; aliment de base
semoule; aliment de base
Quinoa; aliment de base
Seigle; aliment de base
Épeautre; aliment de base
pois chiches; aliment de base
Haricots rouges; aliment de base
Haricots blancs; aliment de base
Lait de coco; aliment de base
bouillon;aliment de base
Soupe; aliment de base
Spaghetti; aliment de base
Macaroni; aliment de base
Fusilli; aliment de base
Penne; aliment de base
Pâtes en ruban;aliment de base
Lasagnes; aliment de base
Pommes de terre; aliment de base
Ketchup; Sauces et trempettes
Mayonnaise; Sauces et trempettes
Moutarde; Sauces et trempettes
Pesto; Sauces et trempettes
Houmous; Sauces et trempettes
Sauce de soja; sauces et trempettes
Tabasco; Sauces et trempettes
sauce chili; sauces et trempettes
Sauce barbecue; sauces et trempettes
Rémoulade; Sauces et trempettes
Pâte de curry; sauces et trempettes
Sauces et trempettes Worcestershire
Pansement; Sauces et trempettes
Chocolat; Bonbons et collations
Puces; Bonbons et collations
Cookies; Bonbons et collations
Bonbons gélifiés; Bonbons et collations
Bonbons; Bonbons et collations
Glace; bonbons et collations
Noix; Bonbons et collations
Mélange montagnard; bonbons et collations
Popcorn; Bonbons et collations
Barres de céréales; Bonbons et collations
Barres de chocolat; bonbons et collations
Bâtonnets de sel; bonbons et collations
cacahuètes; Bonbons et collations
Bretzels; Bonbons et collations
Détergent; Ménage
Détergent à vaisselle; ménage
Nettoyant; Ménage
Savon; Ménage
Papier toilette; ménage
Rouleau de papier absorbant; ménage
sacs poubelles; ménage
éponge;ménager
chiffon;ménage
papier d'aluminium; ménage
film alimentaire; ménage
Serviettes de table; Ménage
Piles; Ménage
ampoule électrique; ménage
Bougies;Ménage
chiffon de nettoyage; ménage
sac poubelle; ménage
gant de nettoyage;ménager
Nettoyant pour vitres; ménage
Nettoyant pour tapis; ménage
Désodorisant; ménage
bougie parfumée; ménage
plus léger; ménage
match;ménage
feuille;ménage
Papier sulfurisé; ménage
moule à muffins;ménage
sacs de congélation; ménage
Gants jetables; ménage
Détartrant; ménage
Laveur de vitres; ménage
nettoyant pour salle de bain; ménage
Nettoyant pour toilettes; ménage
Nettoyant tout usage; ménage
Nettoyant pour sols; ménage
Tablette pour lave-vaisselle; ménage
Produit de rinçage; ménage
comprimé de sel; ménage
adoucissant; ménage
Détergent de couleur; ménage
Eau de Javel; ménage
Détachant; ménage
Spray de repassage; ménage
désodorisant textile; ménage
Nettoyant pour four; ménage
Nettoyant pour acier inoxydable; ménage
Produits de nettoyage pour l'argenterie; ménage
Entretien du cuir; ménage
Entretien du bois; ménage
Dentifrice;Hygiène et soins
Brosse à dents;Hygiène et soins
Gel douche; hygiène et soins
Shampoing;Hygiène et Soins
Après-shampoing;Hygiène et soins
Crème;Hygiène et Soins
Déodorant;Hygiène et soins
Rasoirs;Hygiène et entretien
Mousse à raser;Hygiène et soin
Tampon;Hygiène et soins
serviettes hygiéniques; hygiène et soins
Essuie-tout; Hygiène et soins
Désinfectants;Hygiène et soins
Savon pour les mains; hygiène et soins
Lingettes humides ; Hygiène et soins
Boule de coton; Hygiène et soins
Cotons-tiges; hygiène et soins
Pansements;Hygiène et soins
Vernis à ongles; hygiène et soins
Gel pour les cheveux; hygiène et soins
Laque pour cheveux;Hygiène et soins
Parfum;Hygiène&Soins
Après-rasage;Hygiène et soins
Masque facial; hygiène et soins
Crème pour les mains; hygiène et soins
Lotion pour le corps; hygiène et soins
Sels de bain; hygiène et soins
Huile de bain; hygiène et soins
Cotons-tiges; hygiène et soins
Pince à épiler; Hygiène et soins
Ciseaux à ongles; hygiène et soins
Élastique à cheveux; Hygiène et soins
Brosse à cheveux;Hygiène et soins
Peigne;Hygiène et soins
Sèche-cheveux;Hygiène et soins
Lisseurs;Hygiène et soins
Fer à friser; Hygiène et entretien
Bain de bouche;Hygiène et soins
analgésique;médicament
Vitamines; Médicaments
Sirop contre la fièvre; médicaments
Sirop contre la toux; médicament
pansement; médicament
Spray nasal; médicament
pastille pour la gorge; médicament
crème pour les plaies;médicament
Comprimé contre les allergies; médicament
Friandises pour chiens; fournitures pour animaux de compagnie
Nourriture pour chat; fournitures pour animaux de compagnie
Nourriture pour oiseaux; fournitures pour animaux de compagnie
Nourriture pour lapins; fournitures pour animaux de compagnie
Nourriture pour poissons; fournitures pour animaux de compagnie
Laisse; Fournitures pour animaux de compagnie
Jouets pour animaux; fournitures pour animaux de compagnie
Bol; Fournitures pour animaux de compagnie
Litière pour chat; fournitures pour animaux de compagnie
Sable pour oiseaux; fournitures pour animaux de compagnie
Chargeur automatique; fournitures pour animaux de compagnie
Jouets pour chats; fournitures pour animaux de compagnie
Lit pour chien; fournitures pour animaux de compagnie
Fleur;Fleurs et plantes
Terre;Fleurs et Plantes
Engrais; Fleurs et plantes
Pot;Fleurs et plantes
Plantes;Fleurs et Plantes
Graines; Fleurs et plantes
Bois de chauffage; Quincaillerie et jardinage
Clou; Quincaillerie et jardin
Vis; Quincaillerie et jardinage
Marteau; Quincaillerie et jardinage
Pinces; Quincaillerie et jardinage
Ruban adhésif; quincaillerie et jardinage
Peinture; Quincaillerie et jardin
Brosses; Quincaillerie et jardinage
Ciseaux; Bureau et école
Stylo; Bureau et école
Papier; Bureau et école
Carnet de notes; Bureau et école
Gomme; Bureau et école
Crayon; Bureau et école
Surligneur; Bureau et école
Agrafeuse; Bureau et école
Dossiers; Bureau et école
Colle; Bureau et école
Couverture;Bureau et école
Timbre-poste; Bureau et école
Marqueur;Bureau et école
Feutre fin; Bureau et école
Bloc-notes; Bureau et école
Calendrier; Bureau et école
Planificateur; Bureau et école
Postit;Bureau et École
Trombone; Bureau et école
Agrafeuse; Bureau et école
Perforatrice; Bureau et école
Couverture;Bureau et école
Batterie; Électronique
Casques d'écoute; Électronique
Câble de charge; Électronique
clé USB; électronique
Banque d'alimentation; électronique
téléphone portable; électronique
Tablette; Électronique
Ordinateur portable; Électronique
Moniteur; Électronique
clavier;électronique
Souris; Électronique
Imprimantes; Électronique
Appareil photo; Électronique
carte mémoire; électronique
DVD;Média
CD;Média
Livre;Médias
magazine;médias
journal;médias
Jeu;Média
Film;Médias
Musique;Médias
Vaisselle; Articles ménagers
Couverts; Articles ménagers
Tasse; Articles ménagers
Verre; Articles ménagers
Assiettes; Articles ménagers
pot;articles ménagers
poêle;articles ménagers
bol;articles ménagers
planche;articles ménagers
tamis;articles ménagers
Ouvre-boîte; articles ménagers
ouvre-bouteille; articles ménagers
Tire-bouchons; Articles ménagers
Étudiants; articles ménagers
Râpe; Articles ménagers
Mixeur; Articles ménagers
Grille-pain; Articles ménagers
machine à café; articles ménagers
Four; Articles ménagers
Micro-ondes; Articles ménagers
réfrigérateur;articles ménagers
Aspirateurs; articles ménagers
balais; articles ménagers
pelle;articles ménagers
poubelle; maison
changer de produit
Panier à linge; articles ménagers
planche à repasser;articles ménagers
Fers à repasser; Articles ménagers
Cintres; articles ménagers
Machine à laver; articles ménagers
Sèche-linge; Articles ménagers
tuyau d'arrosage;jardin
cisailles de jardin;jardin
tondeuse à gazon;jardin
arrosoir;jardin
brouette;jardin
bêche;jardin
râteau;jardin
clôture de jardin;jardin
Crème solaire; Pharmacie
baume à lèvres; pharmacie
Dissolvant pour vernis à ongles; pharmacie
couches pour bébé; articles pour bébé
Nourriture pour bébés; articles pour bébé
Huile pour bébé; produits pour bébé
sucettes; articles pour bébé
bouteille;articles pour bébé
Nourriture pour bébés; articles pour bébé
Poussettes; Articles pour bébé
Chaise haute; articles pour bébé
Jouets; Jouets
Casse-têtes; Jouets
jeu de société; jouets
Animal en peluche; jouets
blocs de construction; jouets
livre de coloriage; jouets
crayons de couleur; jouets
figurine de jouet; jouets
Vélo; Loisirs et sports
Ballon;Loisirs et Sports
Corde à sauter; Loisirs et sports
Tapis de yoga; Loisirs et sports
Haltère; Loisirs et sports
Chaussures de sport; vêtements et accessoires
T-shirt; Vêtements et accessoires
Pantalons; Vêtements et accessoires
Pulls; Vêtements et accessoires
Veste; Vêtements et accessoires
Chaussettes; Vêtements et accessoires
Sous-vêtement; Vêtements et accessoires
Chaussures; Vêtements et accessoires
Ceintures; Vêtements et accessoires
Chapeau; Vêtements et accessoires
Écharpe; Vêtements et accessoires
Gants; Vêtements et accessoires
Sac à main; Vêtements et accessoires
Portefeuille; Vêtements et accessoires
Sac à dos; Vêtements et accessoires
valises; fournitures de voyage
guides de voyage; fournitures de voyage
Oreiller cervical; fournitures de voyage
Lunettes de soleil; Accessoires
Bijoux;Accessoires
Montre;Accessoires
couverture; textiles de maison
Oreillers; Textiles de maison
Draps de lit; textiles de maison
Serviette; Textiles de maison
Tapis de bain; textiles de maison
Rideaux; Textiles de maison
Tapis; Textiles de maison
Lampe; Meubles et ameublement
Chaise;Meubles et ameublement
Table;Meubles et ameublement
Canapé;Meubles et ameublement
Étagère;Meubles et ameublement
Armoire;Meubles et ameublement
Commode; Meubles et ameublement
Lit; Meubles et ameublement
Matelas; Meubles et ameublement
Miroirs; Meubles et ameublement
Cadres photo; Meubles et ameublement
vase; décoration
pot de fleurs; décoration
chandelier; décoration
figure;décoration
Affiche;Décoration
panier;rangement
Boîte; Stockage
boîte;stockage
Bibliothèque; Meubles et ameublement
Tringle à vêtements; Meubles et ameublement
Garde-robe; Meubles et ameublement
Miroir mural; Meubles et ameublement
Coussins d'assise; textiles de maison
Couverture de pique-nique; Loisirs et sports
barbecue; jardin
charbon;jardin
allume-feux;jardin
torchon; ménage
chiffon de nettoyage; ménage
Sacs d'aspirateur; ménage
seau;ménage
serpillière;ménage
Balayeuse; Ménage
pelle à poussière; ménage
pince à linge; ménage
Corde à linge; ménage
détachant; ménage
Récipient de stockage de nourriture; aide de cuisine
sac;aide de cuisine
Moule à pâtisserie; ustensiles de cuisine
tasse à mesurer; ustensiles de cuisine
Balance de cuisine; aides de cuisine
fouet; ustensiles de cuisine
cuillère en bois; ustensiles de cuisine
spatule; ustensiles de cuisine
Bouchons; ustensiles de cuisine
Livre de recettes; Cuisine et pâtisserie
Levure chimique; ingrédients de pâtisserie
Levure; ingrédients de pâtisserie
Sucre vanillé; ingrédients de pâtisserie
Cacao; ingrédients de pâtisserie
pépites de chocolat; ingrédients de pâtisserie
Enrobage au chocolat; ingrédients de pâtisserie
Amande; ingrédients de pâtisserie
Noisette; ingrédients de pâtisserie
Noyer; ingrédients de pâtisserie
Raisin; ingrédients de pâtisserie
Massepain; ingrédients de pâtisserie
sucre en poudre; ingrédients de pâtisserie
Maïzena; ingrédients de pâtisserie
Gélatine; ingrédients de pâtisserie
sirop; ingrédients de pâtisserie
cornichons; conserves
Olives; Conserves
câpres; conserves
anchois;en conserve
piment; conserves
graines de tournesol; bonbons et collations
Graines de citrouille; bonbons et collations
Pistache; Bonbons et collations
Noix de cajou; bonbons et collations
Barres protéinées; bonbons et collations
Fruits secs; bonbons et collations
Barres énergétiques; bonbons et collations
Barres de fruits; bonbons et collations
Gâteau de riz; Bonbons et collations
Biscuits salés; Bonbons et collations
Craquelins; Bonbons et collations
Cacahuètes; Bonbons et collations
Pois chiche; aliment de base
Haricot rouge; aliment de base
Haricot blanc; aliment de base
purée de pommes de terre; aliment de base
Galettes de riz; aliment de base
Riz à sushi; aliment de base
Vinaigre balsamique; aliment de base
Vinaigre de cidre de pomme; aliment de base
Huile de colza; aliment de base
Huile de tournesol; aliment de base
Huile d'olive; aliment de base
Huile de coco; aliment de base
Lait de soja; produits laitiers
Lait d'avoine; produits laitiers
Lait de riz; produits laitiers
Lait d'amande; Produits laitiers
Gnocchis; aliment de base
Haricots secs; aliment de base
gaufre de maïs; aliment de base
Épices;Épices et herbes
Poudre de curry; épices et herbes
Marjolaine;Épices et herbes
Carvi;Épices et herbes
Anis;Épices et herbes
Cannelle; Épices et herbes
Vanille; Épices et herbes
Noix de muscade; Épices et herbes
Clou de girofle;Épices et herbes
feuille de laurier; épices et herbes
Chili; Épices et herbes
Cumin; Épices et herbes
Coriandre; Épices et herbes
Arôme de pâtisserie; ingrédients de pâtisserie
Colorant alimentaire; ingrédients de pâtisserie
Mélange à pâtisserie; ingrédients de pâtisserie
Gaufre; Bonbons et collations
Bâtonnet de sel; Bonbons et collations