Artículo;Categoría
Leche; productos lácteos
Yogur; Productos lácteos
Quark;Productos lácteos
Queso; Productos lácteos
Crema;Productos lácteos
Mantequilla;Productos lácteos
Huevos; Productos lácteos
Queso crema; Productos lácteos
Mozzarella;Productos lácteos
Feta; Productos lácteos
Gouda; productos lácteos
Cheddar;Productos lácteos
Parmesano; productos lácteos
Ricotta;Productos lácteos
Mascarpone; productos lácteos
CCrea agria; productos lácteos
Suero de leche; Productos lácteos
Kéfir; productos lácteos
Pudín; Productos lácteos
cuajada; productos lácteos
Leche condensada; productos lácteos
CCrea agria; Productos lácteos
Queso semiduro; productos lácteos
Queso para untar; productos lácteos
Crema;Productos lácteos
Margarina;Productos lácteos
Manzana; Frutas y verduras
Banana; Frutas y verduras
Naranja; Frutas y verduras
Limón;Frutas y verduras
Pera; Frutas y verduras
Uvas; Frutas y verduras
Fresa; Frutas y verduras
Frambuesa; Frutas y verduras
Arándano; Frutas y verduras
Cereza;Frutas y verduras
Ciruela; Frutas y verduras
Melocotón;Frutas y verduras
Albaricoque;Frutas y verduras
Mango; Frutas y verduras
Piña; Frutas y verduras
Kiwi; Frutas y verduras
Melón;Frutas y verduras
Palta; Frutas y verduras
Higos;Frutas y verduras
Fecha; Frutas y verduras
Tomate; Frutas y verduras
Pepino;Frutas y verduras
Ensalada; Frutas y verduras
Zanahoria; Frutas y verduras
Cebolla; Frutas y verduras
Papa; Frutas y verduras
Brócoli; Frutas y verduras
Espinaca; Frutas y verduras
Pimientos; Frutas y verduras
Hongos; Frutas y verduras
Ajo; Frutas y verduras
Calabacín; Frutas y verduras
Berenjena; Frutas y verduras
Puerro; Frutas y verduras
Espárragos; Frutas y verduras
Coles de Bruselas; Frutas y verduras
col de Saboya; Frutas y verduras
Coliflor; Frutas y verduras
Col rizada; Frutas y verduras
Col lombarda; Frutas y verduras
repollo blanco; Frutas y verduras
Colinabo; Frutas y verduras
Rábano; Frutas y verduras
Rábanos; Frutas y verduras
Apio; Frutas y verduras
Jengibre; Frutas y verduras
Batata; Frutas y verduras
Maíz; Frutas y verduras
Guisantes; Frutas y verduras
Frijoles; Frutas y verduras
Calabaza; Frutas y verduras
Hongos; Frutas y verduras
Guisantes dulces; Frutas y verduras
Cebolleta; Frutas y verduras
Endibia; Frutas y verduras
lechuga de cordero; Frutas y verduras
Ruibarbo; Frutas y verduras
Alcachofa; Frutas y verduras
Berro; Frutas y verduras
Perejil; Frutas y verduras
cebollino; Frutas y verduras
Eneldo; Frutas y verduras
Menta; Frutas y verduras
Albahaca; Frutas y verduras
Tomillo; Frutas y verduras
Romero; Frutas y verduras
Orégano; Frutas y verduras
Pan; Productos horneados
rollos; productos horneados
Tostadas; Productos horneados
Cuerno; productos horneados
Tortas; productos horneados
Pasteles; productos horneados
Junquillo; productos horneados
Pan tostado; productos horneados
Pan integral; productos horneados
Pan de centeno; productos horneados
pan crujiente; productos horneados
galletas tostadas; productos horneados
muffin; productos horneados
Dona; Productos horneados
Gofres; productos horneados
Panqueques; productos horneados
galletas; productos horneados
masa de levadura; productos horneados
Masa de pizza; productos horneados
Hojaldre; productos horneados
Pan plano; Productos horneados
Ciabatta; productos horneados
Galleta salada; productos horneados
palito de pretzel; productos horneados
panecillos de centeno; productos horneados
rollo; productos horneados
Focaccia; productos horneados
rollo de canela; productos horneados
cereal; desayuno
Avena; desayuno
Copos de maíz; desayuno
Miel;Desayuno
atasco; desayuno
Nutella; desayuno
jarabe de arce; desayuno
jarabe de agave; desayuno
cereales; desayuno
Granola;Desayuno
Papilla; Desayuno
crema de chocolate; desayuno
Pasta de frutas; desayuno
Manteca de cacahuete; desayuno
desparramar; desayuno
Café; Bebidas
Té; Bebidas
Agua; Bebidas
Jugos;Bebidas
Reajuste salarial; Bebidas
Limonada; Bebidas
Cerveza; Bebidas
Vino; Bebidas
Vino espumoso; bebidas
Prosecco; Bebidas
refresco; Bebidas
Agua mineral; bebidas
Spritz de manzana; bebidas
Té helado; bebidas
bebida de cacao;bebidas
Batido;Bebidas
Bebida energética; Bebidas
Zumo de manzana; Bebidas
Zumo de naranja; bebidas
Jugo de uva; Bebidas
Jugo de verduras; Bebidas
Multivitamínico;Bebidas
Agua con gas; Bebidas
Agua sin gas; Bebidas
Carne; Carne y salchichas
Salchicha;Carne y salchicha
Jamón; Carne y salchichas
Pollo; Carne y salchichas
Carne de res; Carne y salchichas
Carne picada; carne y salchichas
Salami; Carne y salchichas
Salchichas; Carne y salchichas
Aves de corral; Carne y salchichas
Pavo; Carne y salchichas
Ternera; Carne y salchichas
Cordero; Carne y salchichas
Juego; Carne y salchichas
Tocino; Carne y salchichas
Tocino; Carne y salchichas
Jamón cocido; carne y salchichas
Salchicha de té; carne y salchichas
salchicha de hígado; carne y salchichas
Bratwurst;Carne y salchichas
Vienesa;Carne y salchichas
Pescado; Pescado y mariscos
Salmón; Pescado y mariscos
Atún; Pescado y mariscos
Camarones; Pescados y mariscos
Sardinas; Pescado y mariscos
Arenque; Pescado y mariscos
Caballa; Pescado y mariscos
Matjes; Pescado y mariscos
Mariscos;Pescados y mariscos
Cangrejos; Pescado y mariscos
Mariscos; Pescados y mariscos
Calamares; Pescados y mariscos
Trucha; Pescado y mariscos
Fideos; alimento básico
Arroz; alimento básico
Harina; alimento básico
Azúcar; alimento básico
Sal; alimento básico
Pimienta; alimento básico
Aceite; alimento básico
Vinagre; alimento básico
especias; alimentos básicos
Lentejas; alimento básico
Tomates enlatados; alimento básico
Pasata; alimento básico
mijo; alimento básico
bulgur; alimento básico
Cuscús; alimento básico
Polenta; alimento básico
sémola; alimento básico
Quinoa; alimento básico
Centeno; alimento básico
Espelta; alimento básico
garbanzos; alimento básico
frijoles; alimento básico
frijoles blancos; alimento básico
Leche de coco; alimento básico
caldo;alimento básico
Sopa;alimento básico
Espaguetis; alimento básico
Macarrones; alimento básico
Fusiles; alimento básico
Pasta penne; alimento básico
Pasta de cinta;alimento básico
Lasaña; alimento básico
Papas; alimento básico
Ketchup; Salsas y aderezos
Mayonesa; Salsas y aderezos
Mostaza; Salsas y aderezos
Pesto; Salsas y aderezos
Hummus; Salsas y aderezos
Salsa de soja; salsas y aderezos
Salsa Tabasco; Salsas y aderezos
salsa de chile; salsas y aderezos
Salsa barbecue; salsas y aderezos
Remoulade; Salsas y aderezos
Pasta de curry; salsas y aderezos
Salsas y aderezos Worcestershire
Vendaje; Salsas y aderezos
Chocolate; Dulces y snacks
Papas fritas; Dulces y snacks
Galletas; Dulces y snacks
Ositos de goma; dulces y bocadillos
Golosinas; Dulces y snacks
Helado; dulces y bocadillos
Cojones; Dulces y snacks
Mezcla de frutos secos; dulces y bocadillos
Palomitas; Dulces y snacks
Barras de cereales; Dulces y snacks
Barras de chocolate; dulces y bocadillos
Palitos de sal; dulces y bocadillos
Miseria; Dulces y snacks
Pretzels; Dulces y snacks
Detergente;para el hogar
Detergente lavavajillas; familiar
Limpiador; Hogar
Jabón;Hogar
Papel higiénico; familiar
Papel de cocina; familiar
bolsas de basura; familiar
esponja;hogar
trapo;hogar
lámina de aluminio; familiar
film transparente; familiar
Servilletas; Artículos para el hogar
Pilas;Domésticas
bombilla; familiar
Velas; Artículos para el hogar
paño de limpieza; familiar
bolsa de basura; familiar
guante de limpieza;doméstico
Limpiador de vidrios; familiar
Limpiador de alfombras; familiar
Ambientador; familiar
vela perfumada; familiar
encendedor; familiar
partido;hogar
papel de aluminio;hogar
Papel de horno; familiar
molde para muffins;doméstico
bolsas para congelador; familiar
Guantes desechables; familiar
Descalcificador; familiar
Limpiador de ventanas; familiar
limpiador de baño; familiar
Limpiador de inodoros; familiar
Limpiador multiusos; familiar
Limpiador de pisos; familiar
Pastilla para lavavajillas; familiar
Abrillantador; familiar
tableta de sal; familiar
suavizante de telas; familiar
Detergente para color; familiar
Lejía; familiar
Quitamanchas; familiar
Spray para planchar; familiar
ambientador textil; familiar
Limpiador de hornos; familiar
Limpiador de acero inoxidable; familiar
Productos de limpieza de plata; familiar
Cuidado del cuero; familiar
Cuidado de la madera; familiar
Pasta de dientes; Higiene y cuidado
Cepillo de dientes; Higiene y cuidado
Gel de ducha; higiene y cuidado
Champú; Higiene y cuidado
Acondicionador;Higiene y cuidado
Crema;Higiene y cuidado
Desodorante; Higiene y cuidado
Maquinillas de afeitar; Higiene y cuidado
Espuma de afeitar;Higiene y cuidado
Tampón; Higiene y cuidado
toallas sanitarias; higiene y cuidado
Toalla de papel;Higiene y cuidado
Desinfectantes; Higiene y cuidado
Jabón de manos; higiene y cuidado
Toallitas húmedas;Higiene y cuidado
Bola de algodón; Higiene y cuidado
Hisopos de algodón; higiene y cuidado
Tiritas;Higiene y cuidado
Esmalte de uñas; higiene y cuidado
Gel para el cabello; higiene y cuidado
Laca para el cabello; Higiene y cuidado
Perfume; Higiene y cuidado
Loción para después del afeitado; Higiene y cuidado
Mascarilla facial;Higiene y cuidado
Crema para manos; higiene y cuidado
Loción corporal; higiene y cuidado
Sales de baño; higiene y cuidado
Aceite de baño; higiene y cuidado
Hisopos de algodón; higiene y cuidado
Pinzas; Higiene y cuidado
Tijeras de uñas; higiene y cuidado
Coletero; Higiene y cuidado
Cepillo para el cabello; Higiene y cuidado
Peine; Higiene y cuidado
Secador de pelo; Higiene y cuidado
Planchas;Higiene y cuidado
Rizador de pelo; Higiene y cuidado
Enjuague bucal; Higiene y cuidado
analgésico; medicamento
Vitaminas;Medicamentos
Jarabe para la fiebre;medicamentos
Jarabe para la tos;medicamento
Vendaje;Medicamento
aerosol nasal;medicamento
pastillas para la garganta;medicamento
crema para heridas;medicamento
Pastilla para la alergia; medicamento
Golosinas para perros; suministros para mascotas
Comida para gatos; suministros para mascotas
Comida para pájaros; suministros para mascotas
Comida para conejos; suministros para mascotas
Comida para peces; suministros para mascotas
Correa; Suministros para mascotas
Juguetes de animales; suministros para mascotas
Bol; Suministros para mascotas
Arena para gatos; suministros para mascotas
Arena de pájaro; suministros para mascotas
Alimentador automático; suministros para mascotas
Juguetes para gatos; suministros para mascotas
Cama para perro; suministros para mascotas
Flor;Flores y plantas
Tierra; Flores y plantas
Fertilizante; Flores y plantas
Orinal; Flores y plantas
Planta;Flores y plantas
Semillas; Flores y plantas
Leña; Ferretería y Jardín
Clavo; Ferretería y jardinería
Tornillo; Ferretería y Jardín
Martillo; Ferretería y jardinería
Alicates; Ferretería y jardinería
Cinta adhesiva; ferretería y jardinería
Pintar; Ferretería y jardinería
Pinceles; Ferretería y jardinería
Tijeras; Oficina y escuela
Bolígrafo; Oficina y escuela
Papel; Oficina y escuela
Computadora portátil; Oficina y escuela
Borrador; Oficina y escuela
Lápiz; Oficina y escuela
Resaltador; Oficina y escuela
Grapadora; Oficina y escuela
Carpetas; Oficina y escuela
Pegamento; Oficina y escuela
Cubierta;Oficina y escuela
Sello; Oficina y escuela
Marcador;Oficina y escuela
Rotulador fino; Oficina y escuela
Bloc de notas; Oficina y escuela
Calendario; Oficina y escuela
Planificador; Oficina y escuela
Post-it;Oficina y escuela
Clip de papel; Oficina y escuela
Grapadora; Oficina y escuela
Perforadora; Oficina y escuela
Cubierta;Oficina y escuela
Batería;Electrónica
Auriculares;Electrónica
Cable de carga;Electrónica
memoria USB; electrónica
Banco de energía; electrónica
Teléfono móvil; electrónica
Tableta;Electrónica
Portátil;Electrónica
Monitor;Electrónica
teclado;electrónica
Ratón;Electrónica
Impresoras;Electrónica
Cámara;Electrónica
tarjeta de memoria; electrónica
DVD;Medios
CD;Medios
Libro;Medios
revista;medios de comunicación
periódico;medios de comunicación
Juego;Medios
Cine;Medios
Música;Medios
Vajilla; Artículos para el hogar
Cubiertos; Artículos para el hogar
Taza;Artículos para el hogar
Vidrio; Artículos para el hogar
Platos; Artículos para el hogar
olla; artículos para el hogar
sartén; artículos para el hogar
cuenco; artículos para el hogar
tablero; artículos para el hogar
tamiz; artículos para el hogar
abrelatas; artículos del hogar
abrebotellas; artículos para el hogar
Sacacorchos; Artículos para el hogar
Estudiantes; artículos del hogar
Rallador;Artículos para el hogar
Batidora;Artículos para el hogar
Tostadora;Artículos para el hogar
máquina de café; artículos para el hogar
Horno;Artículos para el hogar
Microondas;Artículos para el hogar
refrigerador; artículos para el hogar
Aspiradoras; artículos del hogar
escobas; artículos del hogar
pala; artículos para el hogar
bote de basura;casa
cambiar de mercancía
Cesta de ropa sucia; artículos del hogar
tabla de planchar; artículos para el hogar
Planchas;Artículos para el hogar
Perchas de ropa; artículos del hogar
Lavadora; artículos del hogar
Secadoras; Artículos para el hogar
manguera de jardín;jardín
tijeras de jardinería;jardín
cortacésped;jardín
regadera;jardín
carretilla;jardín
pala;jardín
rastrillo;jardín
valla de jardín;jardín
Protector solar;Farmacia
bálsamo labial;farmacia
Quitaesmalte; farmacia
pañal de bebé; artículos para bebés
Comida para bebés; artículos para bebés
Aceite de bebé; productos para bebés
chupetes; artículos para bebés
biberón; artículos para bebés
Comida para bebés; artículos para bebés
Cochecitos; Artículos para bebés
Silla alta; artículos para bebés
Juguetes;Juguetes
Rompecabezas; Juguetes
juego de mesa;juguetes
Animal de peluche; juguetes
bloques de construcción; juguetes
libro para colorear; juguetes
lápices de colores; juguetes
figura de juguete;juguetes
Bicicleta; Ocio y deportes
Pelota; Ocio y deporte
Saltar la cuerda; Ocio y deportes
Esterilla de yoga; Ocio y deportes
Pesa; Ocio y deportes
Calzado deportivo; ropa y accesorios
Camiseta; Ropa y accesorios
Pantalones; Ropa y accesorios
Suéteres; Ropa y accesorios
Chaqueta;Ropa y accesorios
Medias; Ropa y accesorios
Ropa interior; Ropa y accesorios
Zapatos; Ropa y accesorios
Cinturones; Ropa y accesorios
Sombrero; Ropa y accesorios
Bufanda; Ropa y accesorios
Guantes; Ropa y accesorios
Bolso; Ropa y accesorios
Cartera; Ropa y accesorios
Mochila; Ropa y accesorios
maletas; suministros de viaje
guías de viaje; suministros de viaje
Almohada para el cuello; suministros de viaje
Gafas de sol;Accesorios
Joyas;Accesorios
Reloj;Accesorios
frazada; textiles para el hogar
Almohadas;Textiles para el hogar
Ropa de cama; textiles para el hogar
Toalla;Textiles para el hogar
Alfombra de baño; textiles para el hogar
Cortina;Textiles para el hogar
Alfombras;Textiles para el hogar
Lámpara;Muebles y decoración
Silla;Muebles y Mobiliario
Mesa;Muebles y Mobiliario
Sofá;Muebles y decoración
Estantería; Muebles y Mobiliario
Armario; Muebles y Mobiliario
Cómoda; Muebles y enseres
Cama; Muebles y decoración
Colchones; Muebles y decoración
Espejos; Muebles y decoración
Marcos de fotos; Muebles y enseres
florero; decoración
maceta;decoración
candelero; decoración
figura;decoración
Póster;Decoración
cesta;almacenamiento
Caja;Almacenamiento
caja;almacenamiento
Estante para libros; Muebles y decoración
Barra para ropa;Muebles y accesorios
Armario; Muebles y decoración
Espejo de pared; Muebles y enseres
Cojines de asiento; textiles para el hogar
Manta de picnic; Ocio y deportes
parilla; jardín
carbón;jardín
encendedores;jardín
paño de cocina; familiar
paño de limpieza; familiar
Bolsas para aspiradora; familiar
cubo;hogar
trapeador;hogar
Barrendero; Hogar
recogedor de polvo; hogar
pinza de ropa; hogar
Tendedero de ropa; familiar
quitamanchas; familiar
Contenedor para almacenar alimentos; ayudante de cocina
bolsa;ayudante de cocina
Bandeja para hornear; utensilios de cocina
taza medidora; utensilios de cocina
Báscula de cocina; ayudantes de cocina
batidor; utensilios de cocina
cuchara de madera; utensilios de cocina
espátula; utensilios de cocina
Corchos; utensilios de cocina
Libro de recetas; Cocinar y hornear
Levadura en polvo; ingredientes para hornear
Levadura; ingredientes para hornear
Azúcar de vainilla; ingredientes para hornear
Cacao; ingredientes para hornear
chispas de chocolate; ingredientes para hornear
Cobertura de chocolate; ingredientes para hornear
Almendra; ingredientes para hornear
Avellana; ingredientes para hornear
Nuez; ingredientes para hornear
Pasa; ingredientes para hornear
Mazapán; ingredientes para hornear
azúcar en polvo; ingredientes para hornear
Maicena; ingredientes para hornear
Gelatina; ingredientes para hornear
jarabe; ingredientes para hornear
Encurtidos; alimentos enlatados
Aceitunas; Productos enlatados
Alcaparras; productos enlatados
anchoa;enlatada
chile;comida enlatada
semillas de girasol; dulces y bocadillos
semillas de calabaza; dulces y bocadillos
Pistacho; Dulces y snacks
Anacardos; dulces y bocadillos
Barras de proteína; dulces y bocadillos
Frutos secos; dulces y bocadillos
Barritas energéticas; dulces y bocadillos
Barras de frutas; dulces y bocadillos
Pastel de arroz; Dulces y snacks
Galletas saladas; Dulces y snacks
Galletas; Dulces y snacks
Cacahuetes; Dulces y snacks
Garbanzo; alimento básico
Habichuela; alimento básico
frijol blanco; alimento básico
puré de papas; alimento básico
Tortitas de arroz; alimento básico
Arroz para sushi; alimento básico
vinagre balsámico; alimento básico
vinagre de sidra de manzana; alimento básico
aceite de colza; alimento básico
Aceite de girasol; alimento básico
Aceite de oliva; alimento básico
Aceite de coco; alimento básico
leche de soja; productos lácteos
leche de avena; productos lácteos
Leche de arroz; productos lácteos
Leche de almendras; Productos lácteos
Gnocchi; alimento básico
frijol seco; alimento básico
waffle de maíz;alimento básico
Especias;Especias y hierbas
Polvo de curry; especias y hierbas
Mejorana; Especias y hierbas
Alcaravea; especias y hierbas
Anís; especias y hierbas
Canela; Especias y hierbas
Vainilla; Especias y hierbas
Nuez moscada; Especias y hierbas
Clavo; especias y hierbas
hoja de laurel; especias y hierbas
Chile; Especias y hierbas
Comino; Especias y hierbas
Cilantro; Especias y hierbas
Aromatizante para repostería; ingredientes para hornear
colorante alimentario; ingredientes para hornear
Mezcla para hornear; ingredientes para hornear
Gofre; Dulces y snacks
barra de sal; Dulces y snacks