Item;Category
Milk;Dairy products
Yogurt;Dairy products
Quark;Dairy products
Cheese;Dairy products
Cream;Dairy products
Butter;Dairy products
Eggs;Dairy products
Cream cheese;Dairy products
Mozzarella;Dairy products
Feta;Dairy products
Gouda;Dairy products
Cheddar;Dairy products
Parmesan;Dairy products
Ricotta;Dairy products
Mascarpone;Dairy products
Sour cream;Dairy products
Buttermilk;Dairy products
Kefir;Dairy products
Pudding;Dairy products
Curd cheese;Dairy products
Condensed milk;Dairy products
Sour cream;Dairy products
Sliced ​​cheese;Dairy products
Spread cheese;Dairy products
Cream;Dairy products
Margarine;Dairy products
Apple;Fruits & Vegetables
Banana;Fruits & Vegetables
Orange;Fruits & Vegetables
Lemon;Fruits & Vegetables
Pear;Fruits & Vegetables
Grapes;Fruits & Vegetables
Strawberry;Fruits & Vegetables
Raspberry;Fruits & Vegetables
Blueberry;Fruits & Vegetables
Cherry;Fruits & Vegetables
Plum;Fruits & Vegetables
Peach;Fruits & Vegetables
Apricot;Fruits & Vegetables e
Mango;Fruits & Vegetables
Pineapple;Fruits & Vegetables
Kiwi;Fruits & Vegetables
Melon;Fruits & Vegetables
Avocado;Fruits & Vegetables
Fig;Fruits & Vegetables
Date;Fruits & Vegetables
Tomato;Fruits & Vegetables
Cucumber;Fruits & Vegetables
Lettuce;Fruits & Vegetables
Carrot;Fruits & Vegetables
Onion;Fruits & Vegetables
Potato;Fruits & Vegetables
Broccoli;Fruits & Vegetables
Spinach;Fruits & Vegetables
Pepper;Fruits & Vegetables
Mushroom e;Fruits & Vegetables
Garlic;Fruits & Vegetables
Zucchini;Fruits & Vegetables
Eggplant;Fruits & Vegetables
Leek;Fruits & Vegetables
Asparagus;Fruits & Vegetables
Brussels Sprouts;Fruits & Vegetables
Savoy Cabbage;Fruits & Vegetables
Cauliflower;Fruits & Vegetables
Kale;Fruits & Vegetables
Red Cabbage;Fruits & Vegetables
White Cabbage;Fruits & Vegetables
Kohlrabi;Fruits & Vegetables
Radish;Fruits & Vegetables
Radish;Fruits & Vegetables
Sell Series;Fruit & Vegetables
Ginger;Fruit & Vegetables
Sweet Potato;Fruit & Vegetables
Corn;Fruit & Vegetables
Peas;Fruit & Vegetables
Beans;Fruit & Vegetables
Pumpkin;Fruit & Vegetables
Mushrooms;Fruit & Vegetables
Snow Peas;Fruit & Vegetables
Spring Onions;Fruit & Vegetables
Endive;Fruit & Vegetables
Lamb's Lettuce;Fruit & Vegetables
Rhubarb;Fruit & Vegetables
Artichoke;Fruit & Vegetables
Cress;Fruit &Vegetables
Parsley;Fruit & Vegetables
Chives;Fruit & Vegetables
Dill;Fruit & Vegetables
Mint;Fruit & Vegetables
Basil;Fruit & Vegetables
Thyme;Fruit & Vegetables
Rosemary;Fruit & Vegetables
Oregano;Fruit & Vegetables
Bread;Baked Goods
Rolls;Baked Goods
Toast;Baked Goods
Croissant;Baked Goods
Cake;Baked Goods
Pastries;Baked Goods
Baguette;Baked Goods
Toast;Baked Goods aren
Wholemeal bread;baked goods
Rye bread;baked goods
Crispbread;baked goods
Rusk;baked goods
Muffin;baked goods
Donut;baked goods
Waffles;baked goods
Pancakes;baked goods
Cookies;baked goods
Yeast dough;baked goods
Pizza dough;baked goods
Puff pastry;baked goods
Flatbread;baked goods
Ciabatta;baked goods
Pretzel;baked goods
Pretzel stick;baked goods
Rye rolls;baked goods
Bread roll;baked goods
Focaccia;baked goods
Cinnamon roll;baked goods
Muesli;breakfast
Oatmeal;breakfast
Cornflakes;breakfast
Honey;breakfast
Jam;breakfast
Nutella;breakfast
Maple syrup;breakfast
Agave syrup;breakfast
Cereals;breakfast
Granola;breakfast
Porridge;breakfast
Chocolate Cream;Breakfast
Fruit spread;Breakfast
Peanut butter;Breakfast
Spread;Breakfast
Coffee;Drinks
Tea;Drinks
Water;Drinks
Juice;Drinks
Cola;Drinks
Lemonade;Drinks
Beer;Drinks
Wine;Drinks
Sparkling wine;Drinks
Prosecco;Drinks
Soft drink;Drinks
Mineral water;Drinks
Apple spritzer;Drinks
Iced tea;Drink Drinks
Cocoa drink;Beverages
Smoothie;Beverages
Energy drink;Beverages
Apple juice;Beverages
Orange juice;Beverages
Grape juice;Beverages
Vegetable juice;Beverages
Multivitamin;Beverages
Sparkling water;Beverages
Still water;Beverages
Meat;Meat & Sausage
Sausage;Meat & Sausage
Ham;Meat & Sausage
Chicken;Meat & Sausage
Beef Meat & Sausage
Minced Meat;Meat & Sausage
Salami;Meat & Sausage
Sausage;Meat & Sausage
Poultry;Meat & Sausage
Turkey;Meat & Sausage
Veal;Meat & Sausage
Lamb;Meat & Sausage
Game;Meat & Sausage
Bacon;Meat & Sausage
Bacon;Meat & Sausage
Boiled Ham;Meat & Sausage
Tea Sausage;Meat & Sausage
Liver Sausage;Meat & Sausage
Bratwurst;Meat & Sausage
Wiener;Meat & Sausage
Fish;Fish & Seafood
Salmon;Fish & Seafood
Tuna;Fish & Seafood
Shrimp;Fish & Seafood
Sardines;Fish & Seafood
Herring;Fish & Seafood
Mackerel;Fish & Seafood
Matjes;Fish & Seafood
Seafood;Fish & Seafood
Crabs;Fish & Seafood
Mussels;Fish & Seafood
Calamares;Fish & Seafood
Trout;Fish & Seafood
Pasta;Staple Food
Rice;Staple Food
Flour;Staple Food
Sugar;Staple Food
Salt;Staple Food
Pepper;Staple Food
Oil;Staple Food
Vinegar;Staple Food
Spices;Staple Food Food
Lentils;staple food
Canned tomatoes;staple food
Passata;staple food
Millet;staple food
Bulgur;staple food
Couscous;staple food
Polenta;staple food
Semolina;staple food
Quinoa;staple food
Rye;staple food
Spelt;staple food
Chickpeas;staple food
Kidney beans;staple food
White beans;staple food
Coconut milk;staple food
Broth;staple food
Soup;staple food
Spaghetti;staple food
Macaroni;staple food
Fusilli;staple food
Penne;staple food
Tagliatelle pasta;Staples
Lasagna;Staples
Potatoes;Staples
Ketchup;Sauces & Dips
Mayo;Sauces & Dips
Mustard;Sauces & Dips
Pesto;Sauces & Dips
Hummus;Sauces & Dips
Soy Sauce;Sauces & Dips
Tabasco;Sauces & Dips
Chili Sauce;Sauces & Dips
Barbecue Sauce;Sauces & Dips
Remoulade;Sauces & Dips
Curry Paste;Sauces & Dips
Worce stershire;Sauces & Dips
Dressing;Sauces & Dips
Chocolate;Sweets & Snacks
Chips;Sweets & Snacks
Cookies;Sweets & Snacks
Gummy Bears;Sweets & Snacks
Candies;Sweets & Snacks
Ice Cream;Sweets & Snacks
Nuts;Sweets & Snacks
Trail Mix;Sweets & Snacks
Popcorn;Sweets & Snacks
Cereal Bars;Sweets Snacks
Chocolate bars;Sweets & Snacks
Pretzels;Sweets & Snacks
Peanuts;Sweets & Snacks
Pretzels;Sweets & Snacks
Detergent;Household
Dishwashing liquid;Household
Cleaner;Household
Soap;Household
Toilet paper;Household
Kitchen roll;Household
Trash bags;Household
Sponge;Household
Rag;Household
Aluminum foil;Household
Cling film;Household
Napkins;Household
Batteries;Household
Light bulb;Household
Candles;Household
Cleaning cloth;Household
Trash bag;Household
Cleaning mitt;Household
Glass cleaner;Household
Carpet cleaner;Household
Air freshener;Household
Scented candle;Household
Lighter;Household
Match;Household
Foil;Household old
Baking paper;household
Muffin tin;household
Freezer bag;household
Disposable glove;household
Descaler;household
Window cleaner;household
Bathroom cleaner;household
Toilet cleaner;household
All-purpose cleaner;household
Floor cleaner;household
Dishwasher tablet;household
Rinse aid;household
Salt tablet;household
Fabric softener;household
Color detergent;household
Bleach;household
Stain remover;household
Ironing spray;household
Fabric freshener;household
Oven cleaner;household
Stainless steel cleaner;household
Silver polish;household
Leather care;household
Wood care;household
Toothpaste;hygiene & care
Toothbrush;hygiene & care
Shower gel;hygiene & care
Shampoo;Hygiene & Care
Conditioner;Hygiene & Care
Cream;Hygiene & Care
Deodorant;Hygiene & Care
Razor;Hygiene & Care
Shaving Foam;Hygiene & Care
Tampon;Hygiene & Care
Sanitary Pad;Hygiene & Care
Paper Towel;Hygiene & Care
Disinfectant;Hygiene & Care
Hand Soap;Hygiene & Care
Wet Wipe;Hygiene & Care
Cotton Ball;Hygiene Hygiene & Care
Cotton swabs;Hygiene & Care
Bandages;Hygiene & Care
Nail polish;Hygiene & Care
Hair gel;Hygiene & Care
Hairspray;Hygiene & Care
Perfume;Hygiene & Care
Aftershave;Hygiene & Care
Face mask;Hygiene & Care
Hand cream;Hygiene & Care
Body lotion;Hygiene & Care
Bath salts;Hygiene & Care
Bath oil;Hygiene & Care
O Hair sticks;Hygiene & Care
Tweezers;Hygiene & Care
Nail scissors;Hygiene & Care
Hair tie;Hygiene & Care
Hairbrush;Hygiene & Care
Comb;Hygiene & Care
Hair dryer;Hygiene & Care
Straightener;Hygiene & Care
Curling iron;Hygiene & Care
Mouthwash;Hygiene & Care
Pain pills;Medication
Vitamins;Medication
Fever syrup;medication
Cough syrup;medication
Bandage;medication
Nasal spray;medication
Throat lozenges;medication
Wound cream;medication
Allergy tablets;medication
Dog treats;pet supplies
Cat food;pet supplies
Bird food;pet supplies
Rabbit food;pet supplies
Fish food;pet supplies
Leash;pet supplies
Pet toys;pet supplies edarf
Bowl;Pet Supplies
Cat Litter;Pet Supplies
Bird Sand;Pet Supplies
Automatic Feeder;Pet Supplies
Cat Toys;Pet Supplies
Dog Bed;Pet Supplies
Flower;Flowers & Plants
Soil;Flowers & Plants
Fertilizer;Flowers & Plants
Pot;Flowers & Plants
Plant;Flowers & Plants
Seed;Flowers & Plants
Firewood;Hardware Store & Garden
Nail;Tree Office & Garden
Screw;Hardware & Garden
Hammer;Hardware & Garden
Pliers;Hardware & Garden
Tape;Hardware & Garden
Paint;Hardware & Garden
Brush;Hardware & Garden
Scissors;Office & School
Pen;Office & School
Paper;Office & School
Notebook;Office & School
Eraser;Office & School
Pencil;Office & School
Highlighter;Office & School
Stapler;Office & School School
Folder;Office & School
Glue;Office & School
Envelope;Office & School
Postage Stamp;Office & School
Marker;Office & School
Fineliner;Office & School
Writing Pad;Office & School
Calendar;Office & School
Planner;Office & School
Post-it;Office & School
Paper Clip;Office & School
Stapler;Office & School
Hole Punch;Office & School
Cover;Office & School
Battery;Electronics
Headphones;Electronics
Charging Cable;Electronics
USB Flash Drive;Electronics
Power Bank;Electronics
Cell Phone;Electronics
Tablet;Electronics
Laptop;Electronics
Monitor;Electronics
Keyboard;Electronics
Mouse;Electronics
Printer;Electronics
Camera;Electronics
Memory Card;Electronics
DVD;Media
CD;Media
Book;Media
Magazine;Media
Newspaper g;Media
Game;Media
Film;Media
Music;Media
Dishes;Household goods
Cutlery;Household goods
Cup;Household goods
Glass;Household goods
Plate;Household goods
Pot;Household goods
Pan;Household goods
Bowl;Household goods
Board;Household goods
Strainer;Household goods
Can opener;Household goods
Bottle opener;Household goods
Corkscrew;Household goods
Schoolboy;Household goods
Grater;Household goods
Blender;Household goods
Toaster;Household goods
Coffee maker;Household goods
Oven;Household goods
Microwave;Household goods
Refrigerator;Household goods
Vacuum cleaner;Household goods
Broom;Household goods
Shovel;Household goods
Trash can;Household goods
Household goods
Laundry basket;household goods
Ironing board;household goods
Iron;household goods
Coat hangers;household goods
Washing machine;household goods
Dryer;household goods
Garden hose;garden
Garden shears;garden
Lawn mower;garden
Watering can;garden
Wheelbarrow;garden
Spade;garden
Rake;garden
Garden fence;garden
Sunscreen;drugstore
Lip balm;drugstore
Nail polish remover;drugstore
Baby diapers;baby items
Baby food;baby items
Baby oil;baby items
Pacifier;baby items
Bottle;baby items
Baby food;baby items
Stroller;baby items
High chair;baby items
S toys;toys
Puzzle;toys
Board game;toys
Stuffed animal;toys
Building blocks;toys
Coloring book;toys
Crayon;toys
Toy figure;toys
Bicycle;Leisure & Sports
Ball;Leisure & Sports
Skipping rope;Leisure & Sports
Yoga mat;Leisure & Sports
Dumbbell;Leisure & Sports
Sports shoes;Clothing & Accessories
T-shirt;Clothing & Accessories
Pants;Clothing & Accessories
Sweater;Clothing & Accessories
Jacket;Clothing & Accessories
Socks;Clothing & Accessories
Underwear;Clothing & Accessories
Shoes;Clothing & Accessories
Belt;Clothing & Accessories
Hat;Clothing & Accessories
Scarf;Clothing & Accessories
Glove;Clothing & Accessories
Handbag;Clothing & Accessories
Wallet;Clothing & Accessories
Backpack;Clothing & Accessories
Suitcase;Travel Accessories
Travel Guide;Travel Accessories
Neck Pillow;Travel Accessories
Sunglasses;Accessories
Jewelry;Accessories
Watch;Accessories
Blanket;Home Textiles
Pillow;Home Textiles
Bedding;Home Textiles
Towel;Home Textiles
Bath Mat;Home Textiles
Curtain;Home Textiles
Rug;Home Textiles
Lamp;Furniture & Furnishings
Chair;Furniture & Furnishings
Table;Furniture & Furnishings
Sofa;Furniture & Furnishings
Shelf;Furniture & Furnishings Furnishings
Wardrobe;Furniture & Furnishings
Chest of Drawers;Furniture & Furnishings
Bed;Furniture & Furnishings
Mattress;Furniture & Furnishings
Mirror;Furniture & Furnishings
Picture Frame;Furniture & Furnishings
Vase;Decoration
Flower Pot;Decoration
Candlestick;Decoration
Figurine;Decoration
Poster;Decoration
Basket;Storage
Box;Storage
Box;Storage
Bookcase;Furniture & Furnishings
Clothes Rail;Furniture & Furnishings
Wardrobe;Furniture & Furnishings
Wall Mirror;Furniture & Furnishings
Seat Cushion;Home Textiles
Picnic Blanket;Leisure & Sports
Grill;Garden
Charcoal;Garden
Firelighter;Garden
Tea Towel;House hold
Cleaning cloth;household
Vacuum cleaner bag;household
Bucket;household
Mop;household
Brush;household
Dustpan;household
Clothespin;household
Laundry line;household
Stain remover;household
Food storage container;kitchen utensils
Bag;kitchen utensils
Baking pan;kitchen utensils
Measuring cup;kitchen utensils
Kitchen scale;kitchen utensils
Whisk;kitchen utensils
Wooden spoon;kitchen utensils
Spatula;kitchen utensils
Cork;kitchen utensils
Recipe book;Cooking & Baking
Baking powder;Baking ingredients
Yeast;Baking ingredients
Vanilla sugar;Baking ingredients
Cocoa;Baking ingredients
Chocolate sprinkles;Baking ingredients
Couverture;Baking ingredients n
Almond;baking ingredients
Hazelnut;baking ingredients
Walnut;baking ingredients
Raisin;baking ingredients
Marzipan;baking ingredients
Powdered sugar;baking ingredients
Cornstarch;baking ingredients
Gelatin;baking ingredients
Syrup;baking ingredients
Pickle;canned goods
Olive;canned goods
Caper;canned goods
Anchovy;canned goods
Chili pepper;canned goods Sunflower seeds;Sweets & Snacks
Pumpkin seeds;Sweets & Snacks
Pistachio seeds;Sweets & Snacks
Cashew nuts;Sweets & Snacks
Protein bars;Sweets & Snacks
Dried fruit;Sweets & Snacks
Energy bars;Sweets & Snacks
Fruit bars;Sweets & Snacks
Rice cakes;Sweets & Snacks Snacks
Salty snacks;Sweets & snacks
Crackers;Sweets & snacks
Peanuts;Sweets & snacks
Chickpea;Staple
Kidney bean;Staple
White bean;Staple
Mashed potatoes;Staple
Rice cakes;Staple
Sushi rice;Staple
Balsamic vinegar;Staple
Apple cider vinegar;Staple
Rapeseed oil;Staple
Sunflower oil;Staple
Olive oil;Staple
Coconut oil;Staple
Soy milk;Dairy products
Oat milk;Dairy products
Rice milk;Dairy products
Almond milk;Whey Egg products
Gnocchi;staple food
Dried beans;staple food
Corn wafer;staple food
Spice;spices & herbs
Curry powder;spices & herbs
Marjoram;spices & herbs
Caraway;spices & herbs
Anise;spices & herbs
Cinnamon;spices & herbs
Vanilla;spices & herbs
Nutmeg;spices & herbs
Clove;spices & herbs
Bay leaf;spices & herbs
Chili;spices & herbs
Cumin;spices & herbs
Coriander;spices & herbs
Baking flavoring;baking ingredients
Food coloring;baking ingredients
Baking mix;baking ingredients
Waffle;sweets & snacks
Pretzel stick;sweets & snacks