Статья;Категория
Молоко; молочные продукты
Йогурт;Молочные продукты
Творог;Молочные продукты
Сыр;Молочные продукты
Сливки;Молочные продукты
Масло;Молочные продукты
Яйца; Молочные продукты
Сливочный сыр; Молочные продукты
Моцарелла;Молочные продукты
Фета;Молочные продукты
Гауда; молочные продукты
Чеддер;Молочные продукты
Пармезан; молочные продукты
Рикотта;Молочные продукты
Маскарпоне; молочные продукты
Сметана; молочные продукты
Пахта;Молочные продукты
Кефир; молочные продукты
Пудинг;Молочные продукты
творог; молочные продукты
Сгущенное молоко; молочные продукты
Сметана; Молочные продукты
Полутвердый сыр; молочные продукты
Плавленый сыр; молочные продукты
Сливки;Молочные продукты
Маргарин;Молочные продукты
Яблоко; Фрукты и овощи
Банан; Фрукты и овощи
Апельсин; Фрукты и овощи
Лимон;Фрукты и овощи
Груша; Фрукты и овощи
Виноград; Фрукты и овощи
Клубника; Фрукты и овощи
Малина; Фрукты и овощи
Черника; Фрукты и овощи
Вишня;Фрукты и овощи
Слива; Фрукты и овощи
Персик;Фрукты и овощи
Абрикос;Фрукты и овощи
Манго; Фрукты и овощи
Ананас; Фрукты и овощи
Киви; Фрукты и овощи
Дыня;Фрукты и овощи
Авокадо; Фрукты и овощи
Рис;Фрукты и овощи
Дата; Фрукты и овощи
Помидоры;Фрукты и овощи
Огурец;Фрукты и овощи
Салат; Фрукты и овощи
Морковь; Фрукты и овощи
Лук; Фрукты и овощи
Картофель; Фрукты и овощи
Брокколи; Фрукты и овощи
Шпинат; Фрукты и овощи
Перец; Фрукты и овощи
Грибы; Фрукты и овощи
Чеснок; Фрукты и овощи
Цуккини; Фрукты и овощи
Баклажан; Фрукты и овощи
Лук-порей; Фрукты и овощи
Спаржа; Фрукты и овощи
Брюссельская капуста; Фрукты и овощи
савойская капуста; Фрукты и овощи
Цветная капуста; Фрукты и овощи
Капуста; Фрукты и овощи
Краснокочанная капуста; Фрукты и овощи
Капуста белокочанная; Фрукты и овощи
Кольраби; Фрукты и овощи
Редис; Фрукты и овощи
Редис; Фрукты и овощи
Сельдерей; Фрукты и овощи
Имбирь; Фрукты и овощи
Сладкий картофель; Фрукты и овощи
Кукуруза; Фрукты и овощи
Горох; Фрукты и овощи
Бобы; Фрукты и овощи
Тыква; Фрукты и овощи
Грибы; Фрукты и овощи
Сахарный горошек; Фрукты и овощи
Зеленый лук; Фрукты и овощи
Эндивий; Фрукты и овощи
Салат бараний; Фрукты и овощи
Ревень; Фрукты и овощи
Артишок; Фрукты и овощи
Кресс-салат; Фрукты и овощи
Петрушка; Фрукты и овощи
Зеленый лук; Фрукты и овощи
Укроп; Фрукты и овощи
Мята; Фрукты и овощи
Базилик; Фрукты и овощи
Тимьян; Фрукты и овощи
Розмари; Фрукты и овощи
Орегано; Фрукты и овощи
Хлеб;Выпечка
рулеты; выпечка
Тост;Выпечка
Круассан; выпечка
Торты; выпечка
Выпечка; выпечка
Багет; выпечка
Тостовый хлеб; выпечка
Хлеб из цельнозерновой муки; выпечка
Ржаной хлеб; выпечка
хрустящие хлебцы;хлебобулочные изделия
сухари; выпечка
кекс;выпечка
Пончик;Выпечка
Вафли; выпечка
Блины; выпечка
куки-файлы; выпечка
Дрожжевое тесто; выпечка
Тесто для пиццы; выпечка
Слоеное тесто; выпечка
Лепешки;Выпечка
Чиабатта; выпечка
Крендель; выпечка
Крендель-палочка; выпечка
Ржаные булочки; выпечка
рулон; выпечка
Фокачча; выпечка
булочка с корицей; выпечка
злак; завтрак
Овсянка; завтрак
Кукурузные хлопья; завтрак
Мед;Завтрак
варенье; завтрак
Нутелла; завтрак
кленовый сироп; завтрак
Сироп агавы; завтрак
злаки; завтрак
Гранола;Завтрак
Каша; Завтрак
шоколадный крем; завтрак
Фруктовая начинка; завтрак
Арахисовое масло; завтрак
распространение; завтрак
Кофе; Напитки
Чай; Напитки
Вода; Напитки
Сок;Напитки
Кола; Напитки
Лимонад; Напитки
Пиво; Напитки
Вино; Напитки
Игристое вино; напитки
Просекко; Напитки
Безалкогольный напиток; Напитки
Минеральная вода; напитки
Яблочный шпритцер; напитки
Холодный чай; напитки
какао-напиток;напитки
Смузи;Напитки
Энергетический напиток; Напитки
Яблочный сок; Напитки
Апельсиновый сок; напитки
Виноградный сок; Напитки
Овощной сок; Напитки
Мультивитамины;Напитки
Газированная вода; Напитки
Стоячая вода; Напитки
Мясо; Мясо и колбаса
Колбаса;Мясо и колбаса
Ветчина; Мясо и колбаса
Курица; Мясо и колбаса
Говядина; Мясо и колбаса
Мясной фарш; мясо и колбаса
Салями; Мясо и колбаса
Колбаски; Мясо и колбаса
Птица; Мясо и колбаса
Турция; Мясо и колбаса
Телятина; Мясо и колбаса
Ягненок; Мясо и колбаса
Игра; Мясо и колбаса
Бекон; Мясо и колбаса
Бекон; Мясо и колбаса
Ветчина вареная; мясо и колбаса
Колбаса чайная; мясо и колбаса
Ливерная колбаса; мясо и колбаса
Братвурст;Мясо и колбаса
Венская;Мясо и колбаса
Рыба;Рыба и морепродукты
Лосось;Рыба и морепродукты
Тунец;Рыба и морепродукты
Креветки;Рыба и морепродукты
Сардины; Рыба и морепродукты
Сельдь;Рыба и морепродукты
Скумбрия; Рыба и морепродукты
Матьес; Рыба и морепродукты
Морепродукты;Рыба и морепродукты
Крабы; Рыба и морепродукты
Моллюски;Рыба и морепродукты
Кальмары;Рыба и морепродукты
Форель;Рыба и морепродукты
Лапша; основные продукты питания
Рис; основные продукты питания
Мука; основные продукты питания
Сахар; основные продукты питания
Соль; основные продукты питания
Перец; основные продукты питания
Масло; основные продукты питания
Уксус; основные продукты питания
специи; основные продукты питания
Чечевица; основные продукты питания
Консервированные помидоры; основные продукты питания
Пассата; основные продукты питания
просо; основные продукты питания
Булгур; основные продукты питания
Кускус; основные продукты питания
Полента; основные продукты питания
манная крупа; основные продукты питания
Лебеда; основные продукты питания
Рожь; основные продукты питания
Спельта; основные продукты питания
Нут; основные продукты питания
Фасоль; основные продукты питания
Белая фасоль; основные продукты питания
Кокосовое молоко; основные продукты питания
бульон;основной продукт питания
Суп;основная еда
Спагетти; основные продукты питания
Макароны; основные продукты питания
Фузилли; основные продукты питания
Пенне; основные продукты питания
Паста в виде ленты;основной продукт питания
Лазанья; основные продукты питания
Картофель; основные продукты питания
Кетчуп; Соусы и подливки
Майонез; Соусы и подливки
Горчица; Соусы и подливки
Песто; Соусы и подливки
Хумус; Соусы и подливки
Соевый соус; соусы и подливки
Табаско; Соусы и подливки
соус чили; соусы и подливки
Соус барбекю; соусы и подливки
Ремулад; Соусы и подливки
Паста карри; соусы и подливки
Вустерширские соусы и дипы
Заправка; Соусы и подливки
Шоколад; Сладости и закуски
Чипсы; Сладости и закуски
Файлы cookie; Сладости и закуски
Мармеладки; Сладости и закуски
Конфеты; Сладости и закуски
Мороженое; сладости и закуски
Орехи; Сладости и закуски
Смесь для троп; сладости и закуски
Попкорн; Сладости и закуски
Зерновые батончики; Сладости и закуски
Плитки шоколада; сладости и закуски
Соляные палочки; сладости и закуски
Арахис; Сладости и закуски
Крендельки; Сладости и закуски
Моющее средство;Бытовое
Средство для мытья посуды; семья
Чистящее средство;Бытовое
Мыло;Хозяйственное
Туалетная бумага; семья
Кухонные бумажные полотенца; семья
мусорные мешки; семья
губка;бытовая
тряпка;бытовая
алюминиевая фольга; семья
пищевая пленка; семья
Салфетки;Бытовые
Батареи;Бытовые
лампочка; семья
Свечи;Бытовые
чистящая салфетка; семья
мешок для мусора; семья
перчатка для чистки;бытовая
Средство для мытья стекол; семья
Средство для чистки ковров; семья
Освежитель воздуха; семья
ароматическая свеча; семья
легче; семья
совпадение;домашнее хозяйство
фольга;бытовая
Бумага для выпечки; семья
форма для кексов;бытовая
пакеты для заморозки; семья
Одноразовые перчатки; семья
Средство для удаления накипи; семья
Средство для мытья окон; семья
чистящее средство для ванной комнаты; семья
Средство для чистки туалетов; семья
Универсальное чистящее средство; семья
Средство для мытья полов; семья
Таблетки для посудомоечной машины; семья
Ополаскиватель; семья
соляная таблетка; семья
кондиционер для белья; семья
Цветное моющее средство; семья
Отбеливать; семья
Пятновыводитель; семья
спрей для глажки; семья
освежитель для текстиля; семья
Средство для чистки духовок; семья
Очиститель нержавеющей стали; семья
Средства для чистки серебра; семья
Уход за кожей; семья
Уход за древесиной; семья
Зубная паста;Гигиена и уход
Зубная щетка; Гигиена и уход
Гель для душа; гигиена и уход
Шампунь;Гигиена и уход
Кондиционер;Гигиена и уход
Крем;Гигиена и уход
Дезодорант;Гигиена и уход
Бритвы;Гигиена и уход
Пена для бритья;Гигиена и уход
Тампон; Гигиена и уход
гигиенические прокладки; гигиена и уход
Бумажное полотенце;Гигиена и уход
Дезинфицирующие средства;Гигиена и уход
Мыло для рук; гигиена и уход
Влажные салфетки;Гигиена и уход
Ватный шарик;Гигиена и уход
Ватные палочки; гигиена и уход
Пластыри; Гигиена и уход
Лак для ногтей; гигиена и уход
Гель для волос; гигиена и уход
Лак для волос;Гигиена и уход
Парфюм;Гигиена и уход
После бритья; Гигиена и уход
Медицинская маска; гигиена и уход
Крем для рук; гигиена и уход
Лосьон для тела; гигиена и уход
Соли для ванн; гигиена и уход
Масло для ванн; гигиена и уход
Ватные палочки; гигиена и уход
Пинцет; Гигиена и уход
Ножницы для ногтей; гигиена и уход
Резинка для волос;Гигиена и уход
Расческа;Гигиена и уход
Расческа;Гигиена и уход
Фен;Гигиена и уход
Выпрямители;Гигиена и уход
Щипцы для завивки;Гигиена и уход
Ополаскиватель для полости рта; Гигиена и уход
обезболивающее;лекарство
Витамины;Лекарства
сироп от лихорадки;лекарства
сироп от кашля;лекарство
Бинт;Лекарства
Назальный спрей;лекарство
леденец от горла;лекарство
крем для ран;лекарство
Таблетки от аллергии; медикамент
Лакомства для собак; товары для животных
Корм для кошек; товары для животных
Корм для птиц; товары для животных
Корм для кроликов; товары для животных
Корм для рыб; товары для животных
Поводок; Товары для животных
Игрушки для животных; товары для животных
Чаша; Товары для животных
Наполнитель для кошачьего туалета; товары для животных
Песок для птиц; товары для животных
Автоматическая кормушка; товары для животных
Игрушки для кошек; товары для животных
Лежак для собаки; товары для животных
Цветы;Цветы и растения
Земля;Цветы и растения
Удобрение; Цветы и растения
Горшок;Цветы и растения
Растение;Цветы и растения
Семена; Цветы и растения
Дрова; Хозяйственный магазин и сад
Ноготь; Оборудование и сад
Винт; Хозяйственный магазин и сад
Молоток; Хозяйственный магазин и сад
Плоскогубцы; Хозяйственный магазин и сад
Клейкая лента; хозяйственный магазин и сад
Краска; Оборудование и сад
Кисти; Хозяйственный магазин и сад
Ножницы; Офис и школа
Ручка; Офис и школа
Бумага; Офис и школа
Блокнот; Офис и школа
Ластик; Офис и школа
Карандаш; Офис и школа
Маркер; Офис и школа
Степлер; Офис и школа
Папки; Офис и школа
Клей; Офис и школа
Обложка;Офис и школа
Почтовая марка; Офис и школа
Маркер;Офис и школа
Тонкая подводка; Офис и школа
Блокнот для записей; Офис и школа
Календарь; Офис и школа
Планировщик; Офис и школа
Postit;Офис и школа
Скрепка для бумаг; Офис и школа
Степлер; Офис и школа
Дырокол; Офис и школа
Обложка;Офис и школа
Аккумулятор;Электроника
Наушники;Электроника
Зарядный кабель;Электроника
USB-накопитель; электроника
Внешний аккумулятор; электроника
сотовый телефон; электроника
Планшет;Электроника
Ноутбук;Электроника
Монитор;Электроника
клавиатура;электроника
Мышь;Электроника
Принтеры;Электроника
Камера;Электроника
карта памяти; электроника
DVD;Медиа
Компакт-диск;Медиа
Книга;Медиа
журнал;СМИ
газета;СМИ
Игра;Медиа
Фильм;Медиа
Музыка;Медиа
Посуда;Хозяйственные товары
Столовые приборы;Хозяйственные товары
Чашка;Хозяйственные товары
Стекло;Хозяйственные товары
Тарелки;Хозяйственные товары
горшок;товары для дома
кастрюля;товары для дома
миска;товары для дома
доска;товары для дома
сито;бытовые товары
Консервный нож; товары для дома
открывалка для бутылок; товары для дома
Штопоры;Хозяйственные товары
Студенты; товары для дома
Терка;Хозяйственные товары
Миксер;Хозяйственные товары
Тостер;Хозяйственные товары
кофемашина;товары для дома
Духовка;Хозяйственные товары
Микроволновая печь;Хозяйственные товары
холодильник;бытовые товары
Пылесосы; товары для дома
мётлы; товары для дома
лопата;хозтовары
мусорный бак;дом
Корзина для белья; товары для дома
гладильная доска;товары для дома
Утюги;Хозяйственные товары
Вешалки для одежды; товары для дома
Стиральная машина; товары для дома
Сушилки;Хозяйственные товары
садовый шланг;сад
садовые ножницы;сад
газонокосилка;сад
лейка;сад
тачка;сад
лопата;сад
грабли;сад
садовый забор;сад
Солнцезащитный крем;Аптека
бальзам для губ;аптека
Жидкость для снятия лака; аптека
детские подгузники;детские товары
Детское питание; детские товары
Детское масло; детские товары
пустышки; детские товары
бутылочка;детские товары
Детское питание; детские товары
Коляски;Детские товары
Высокий стульчик; детские товары
Игрушки;Игрушки
Головоломки; Игрушки
настольная игра;игрушки
Чучело животного; игрушки
строительные блоки; игрушки
раскраска; игрушки
цветные карандаши; игрушки
игрушечная фигурка;игрушки
Велосипед; Отдых и спорт
Мяч;Отдых и спорт
Скакалка; Отдых и спорт
Коврик для йоги; Отдых и спорт
Гантель; Отдых и спорт
Спортивная обувь; одежда и аксессуары
Футболка;Одежда и аксессуары
Брюки;Одежда и аксессуары
Свитера; Одежда и аксессуары
Куртка;Одежда и аксессуары
Носки; Одежда и аксессуары
Нижнее белье; Одежда и аксессуары
Обувь; Одежда и аксессуары
Ремни; Одежда и аксессуары
Шляпа;Одежда и аксессуары
Шарф;Одежда и аксессуары
Перчатки; Одежда и аксессуары
Сумка;Одежда и аксессуары
Кошелек;Одежда и аксессуары
Рюкзак;Одежда и аксессуары
чемоданы; дорожные принадлежности
путеводители; дорожные принадлежности
Подушка для шеи; дорожные принадлежности
Солнцезащитные очки;Аксессуары
Ювелирные изделия;Аксессуары
Часы;Аксессуары
одеяло; домашний текстиль
Подушки;Домашний текстиль
Постельное белье; домашний текстиль
Полотенце;Домашний текстиль
Коврик для ванной; домашний текстиль
Шторы;Домашний текстиль
Ковер;Домашний текстиль
Лампа;Мебель и предметы интерьера
Кресло;Мебель и фурнитура
Стол;Мебель и предметы интерьера
Диван;Мебель и предметы интерьера
Полка;Мебель и предметы интерьера
Гардероб;Мебель и предметы интерьера
Комод; Мебель и обстановка
Кровать; Мебель и предметы интерьера
Матрас;Мебель и предметы интерьера
Зеркала; Мебель и предметы интерьера
Рамы для картин; Мебель и обстановка
ваза; украшение
цветочный горшок;украшение
подсвечник; украшение
фигура;украшение
Плакат;Украшение
корзина;хранение
Коробка;Хранение
коробка;хранение
Книжная полка; Мебель и предметы интерьера
Вешалка для одежды;Мебель и предметы интерьера
Гардероб; Мебель и предметы интерьера
Настенное зеркало; Мебель и обстановка
Подушки сиденья; домашний текстиль
Плед для пикника; Отдых и спорт
барбекю; сад
уголь;сад
разжигатели огня;сад
кухонное полотенце; семья
чистящая салфетка; семья
Пылесборники; семья
ведро;домашнее хозяйство
швабра;бытовая
Подметальная машина;Бытовая
совок для мусора;домашнее хозяйство
прищепка;бытовая
Веревка для стирки; семья
пятновыводитель; семья
Контейнер для хранения продуктов питания; помощник на кухне
сумка;помощник на кухне
Противень; кухонная утварь
мерный стакан; кухонная утварь
Кухонные весы; кухонные помощники
венчик; кухонная утварь
деревянная ложка; кухонная утварь
шпатель; кухонная утварь
Пробки; кухонная утварь
Книга рецептов; Кулинария и выпечка
Порошок для выпечки; ингредиенты для выпечки
Дрожжи; ингредиенты для выпечки
Ванильный сахар; ингредиенты для выпечки
Какао; ингредиенты для выпечки
шоколадная посыпка; ингредиенты для выпечки
Шоколадная глазурь; ингредиенты для выпечки
Миндаль; ингредиенты для выпечки
Фундук; ингредиенты для выпечки
Грецкий орех; ингредиенты для выпечки
Изюм; ингредиенты для выпечки
Марципан; ингредиенты для выпечки
сахарная пудра; ингредиенты для выпечки
Кукурузный крахмал; ингредиенты для выпечки
Желатин; ингредиенты для выпечки
сироп; ингредиенты для выпечки
соленья;консервы
Оливки;Консервы
Каперсы; консервы
анчоус;консервированный
перец чили;консервы
Семена подсолнечника; сладости и закуски
Семена тыквы; сладости и закуски
Фисташка; Сладости и закуски
Орехи кешью; сладости и закуски
Протеиновые батончики; сладости и закуски
Сухофрукты; сладости и закуски
Энергетические батончики; сладости и закуски
Фруктовые батончики; сладости и закуски
Рисовый пирог; Сладости и закуски
Соленое печенье; Сладости и закуски
Крекеры; Сладости и закуски
Арахис;Сладости и закуски
Нут; основные продукты питания
Фасоль; основные продукты питания
Белая фасоль; основные продукты питания
картофельное пюре; основные продукты питания
Рисовые лепешки; основные продукты питания
Рис для суши; основные продукты питания
Бальзамический уксус; основные продукты питания
яблочный уксус; основные продукты питания
Рапсовое масло; основные продукты питания
Подсолнечное масло; основные продукты питания
Оливковое масло; основные продукты питания
Кокосовое масло; основные продукты питания
Соевое молоко; молочные продукты
Овсяное молоко; молочные продукты
Рисовое молоко; молочные продукты
Миндальное молоко;Молочные продукты
Ньокки; основные продукты питания
Сушеные бобы; основные продукты питания
кукурузные вафли;основной продукт питания
Специи и травы
Порошок карри; специи и травы
Майоран;Специи и травы
Тмин;Специи и травы
Анис;Специи и травы
Корица; Специи и травы
Ваниль; Специи и травы
Мускатный орех; Специи и травы
Гвоздика;Специи и травы
Лавровый лист; специи и травы
Чили; Специи и травы
Тмин; Специи и травы
Кориандр; Специи и травы
Ароматизатор для выпечки; ингредиенты для выпечки
Пищевой краситель; ингредиенты для выпечки
Смесь для выпечки; ингредиенты для выпечки
Вафли; Сладости и закуски
Соляная палочка; Сладости и закуски